timeStamp,alpha,beta,gamma
1420650333448,,,,standing
1420650333448,,,,standing
1420650333448,,,,standing
1420650337087,58.18650145474183,1.4616269541838751,1.58646969482377,standing
1420650337138,58.18650145474183,1.4616269541838751,1.58646969482377,standing
1420650337192,58.18650145474183,1.4616269541838751,1.58646969482377,standing
1420650337240,58.18650145474183,1.4616269541838751,1.58646969482377,standing
1420650337292,58.18650145474183,1.4616269541838751,1.58646969482377,standing
1420650337342,354.69969625454274,81.02654965806522,6.208285251886395,standing
1420650337392,355.217452750833,80.86908728780739,5.708817777813162,standing
1420650337441,355.4225129860068,80.85001898343579,5.550820623705662,standing
1420650337491,355.55372303661613,80.80677684104036,5.391106356579509,standing
1420650337541,355.85094175863566,80.81877476799022,5.098816451490799,standing
1420650337590,356.34105226390176,80.84475483300722,4.5290237189388165,standing
1420650337642,356.75712454356903,80.85725149739777,4.0345802326937985,standing
1420650337696,358.46920985157504,80.9375754278051,2.446903903669874,standing
1420650337743,358.46920985157504,80.9375754278051,2.446903903669874,standing
1420650337792,1.4233953455596404,81.01604787437945,-0.4074248006296949,standing
1420650337844,3.0132578528932243,80.97189310523711,-2.0724898667317784,standing
1420650337896,3.1053490946367117,80.95245688112881,-2.188795323228746,standing
1420650337943,3.0988717710255185,80.96219322589582,-2.2025988811889503,standing
1420650337992,3.1655387614999455,80.94105266731891,-2.2349895611624677,standing
1420650338042,3.363020907680161,80.8586079433088,-2.3793944835282343,standing
1420650338092,3.626894398969791,80.79499237018356,-2.697472155501888,standing
1420650338142,3.819663033952513,80.75640132649103,-3.0182672303256206,standing
1420650338192,3.776864011217138,80.76706073610625,-3.0264548260043505,standing
1420650338239,3.7442531520410594,80.77551814658617,-2.939311496061479,standing
1420650338288,3.7442531520410594,80.77551814658617,-2.939311496061479,standing
1420650338340,3.645172137697827,80.7782977801889,-2.868920304390714,standing
1420650338393,3.8286940434984453,80.82060047656304,-3.013995232028783,standing
1420650338441,4.078836377307466,80.89755495975146,-3.2385120999749817,standing
1420650338492,4.247455253802936,80.96087600049164,-3.40425164257107,standing
1420650338542,11.241505219951014,80.7713511482722,-12.504792442793283,standing
1420650338592,19.124750981568965,79.98678586352277,-22.48212346704141,standing
1420650338642,13.926326671292578,78.16496945791273,-20.047379544655985,standing
1420650338692,22.87450795256047,78.95904571042918,-30.43289876170952,standing
1420650338744,34.15699053131257,79.16322735970381,-43.880890192940406,standing
1420650338792,40.23383907139899,78.93191156506785,-49.812313278764705,standing
1420650338842,36.94654993118434,80.03371756553327,-46.6247678375267,standing
1420650338892,36.94654993118434,80.03371756553327,-46.6247678375267,standing
1420650338942,35.458070737586425,80.19938439576477,-44.99330885556096,standing
1420650338992,36.176042049660516,80.02331491358339,-45.69393234590277,standing
1420650339042,33.138002532655705,79.41391787805601,-42.51476968023464,standing
1420650339092,32.671165784095145,79.23733353803024,-42.107508293278926,standing
1420650339142,32.538672180218676,79.22973332419424,-42.0167498738504,standing
1420650339192,32.51252766544668,79.22042314056259,-42.02167016308044,standing
1420650339242,32.472838020983666,79.18954320986255,-41.99892963301313,standing
1420650339292,32.61869852625419,79.17650937343768,-42.21047400639394,standing
1420650339344,32.61869852625419,79.17650937343768,-42.21047400639394,standing
1420650339394,33.005877545206424,79.15207379402486,-42.66968617198731,standing
1420650339444,33.253195277299966,79.11483549603518,-42.939348465579286,standing
1420650339492,33.708838805384666,79.07518677681044,-43.35563280690253,standing
1420650339542,34.06646688642062,79.03887792165105,-43.62115867293756,standing
1420650339592,34.4006907589627,78.99618198997975,-43.80556073165262,standing
1420650339642,34.32104998249467,79.00459621485426,-43.647166185202025,standing
1420650339693,34.123592981794296,79.03291971070867,-43.471125742264306,standing
1420650339742,33.908049731919064,79.05561402085647,-43.352855805800175,standing
1420650339792,34.01863330496016,79.07513620793657,-43.5413950613937,standing
1420650339842,34.58507424094822,79.12679842849286,-44.1964062445523,standing
1420650339893,35.438795231174176,79.1476891555541,-45.006795762113995,standing
1420650339942,36.27590156621527,79.1787600901908,-45.74194373696897,standing
1420650339992,36.27590156621527,79.1787600901908,-45.74194373696897,standing
1420650340042,36.53464457160907,79.18525321926535,-45.95919499073652,standing
1420650340092,36.448546240543955,79.22256772801934,-45.941311912885965,standing
1420650340142,36.157744243156024,79.29925038227918,-45.816494259811364,standing
1420650340192,35.99790192777421,79.3629924681044,-45.93231444492933,standing
1420650340242,36.23360041522247,79.40148105214656,-46.42239446340072,standing
1420650340292,36.4407157592025,79.41576495642856,-46.77703968504097,standing
1420650340343,36.545089844028816,79.40870463801747,-46.993047828474154,standing
1420650340394,36.686231557186176,79.34075904406461,-47.23585373592608,standing
1420650340443,36.663787944363996,79.26010736575245,-47.321992667106926,standing
1420650340492,36.663787944363996,79.26010736575245,-47.321992667106926,standing
1420650340542,36.45879726383643,79.17043673209717,-47.17034647709706,standing
1420650340592,36.41627269263414,79.10292678004527,-47.15350896906152,standing
1420650340642,36.06930202622547,79.0451549939083,-46.8625020991422,standing
1420650340693,35.72650316484094,79.06382037366652,-46.62696849077421,standing
1420650340742,35.64910236353684,79.07061537034362,-46.654337225952304,standing
1420650340792,35.73475277639249,79.10746748701038,-46.87034410908668,standing
1420650340842,36.23360647973358,79.10538985939212,-47.45507392739349,standing
1420650340892,36.55749636162806,79.11464034894145,-47.871246913916934,standing
1420650340942,36.88322499152674,79.08822263608748,-48.235691847695726,standing
1420650340990,37.13811559788754,79.0692955660357,-48.530522038968286,standing
1420650341042,36.78372684928421,79.0478563993663,-48.320728324268096,standing
1420650341092,36.20370040144561,79.11435005603914,-47.909498912769315,standing
1420650341142,36.20370040144561,79.11435005603914,-47.909498912769315,standing
1420650341192,36.59279864182715,79.17466959453202,-48.355491441949795,standing
1420650341242,36.9362537851421,79.05641631405071,-48.68509889908503,standing
1420650341293,37.09678778154523,79.07168946394918,-48.80599031253188,standing
1420650341344,36.89215767029007,79.0830228031061,-48.58402288044624,standing
1420650341393,36.771988805780126,79.10481320728013,-48.403859374952134,standing
1420650341443,36.77865583905431,79.13076069644785,-48.328672815237105,standing
1420650341492,36.88046721188176,79.14557088699611,-48.33594953363324,standing
1420650341543,36.826122167805295,79.15071127237678,-48.248849189246414,standing
1420650341592,36.86554922285596,79.14930555487125,-48.24784098090808,standing
1420650341642,36.86554922285596,79.14930555487125,-48.24784098090808,standing
1420650341693,36.96141388551033,79.12534182790526,-48.341541877594246,standing
1420650341742,37.06854386929145,79.11904364349449,-48.4412494516063,standing
1420650341791,37.11875116317727,79.09660331343889,-48.454193027696114,standing
1420650341842,37.14684845472234,79.06397254806204,-48.43941847147681,standing
1420650341892,37.06870329641133,79.05158675347745,-48.342431717012204,standing
1420650341940,36.98075534274424,79.04782814446668,-48.22491039739836,standing
1420650341992,37.017764412183354,79.02923799563747,-48.1960026958445,standing
1420650342042,37.03178945585773,79.0457973816563,-48.141534988016524,standing
1420650342092,36.910292863436446,79.06083953571155,-47.967334343274686,standing
1420650342141,36.6613312155923,79.08158953312635,-47.66853204780223,standing
1420650342192,36.468250274644134,79.11501067070249,-47.4383225768139,standing
1420650342237,36.468250274644134,79.11501067070249,-47.4383225768139,standing
1420650342292,36.259640166211156,79.13197113135406,-47.19997816550225,standing
1420650342343,36.14631519914763,79.14110887141385,-47.055652922020634,standing
1420650342393,36.003061531044295,79.13381724684501,-46.87143646423179,standing
1420650342443,35.73544750048923,79.11233609529589,-46.55022395385799,standing
1420650342492,35.38530430133669,79.08169408487097,-46.12869637881921,standing
1420650342542,35.0284139773551,79.0439788292043,-45.66067077670597,standing
1420650342592,34.667184539856756,78.99650145361514,-45.17930521089376,standing
1420650342642,34.428768191858794,78.95315506204109,-44.82528724543121,standing
1420650342692,34.131581636216836,78.94166877438134,-44.43877153548497,standing
1420650342743,34.131581636216836,78.94166877438134,-44.43877153548497,standing
1420650342792,33.95307841393416,78.8951736041979,-44.180861402541765,standing
1420650342842,33.78282234787365,78.87543956130266,-43.9301906836758,standing
1420650342892,33.47166786828399,78.8606400555605,-43.564782648806364,standing
1420650342942,33.22625162019309,78.842305888496,-43.28515348048614,standing
1420650342991,32.98329583761944,78.83462196342796,-43.05878402503476,standing
1420650343041,32.81984483783329,78.82824741105975,-42.931011324857344,standing
1420650343092,32.718811145197535,78.82081177859071,-42.89851204424748,standing
1420650343142,32.76370174346418,78.81822778205691,-43.020520271819066,standing
1420650343192,32.85420951129408,78.82288810888609,-43.1890124008449,standing
1420650343242,33.00318970552775,78.82580999892365,-43.429590472459765,standing
1420650343292,33.243685244786356,78.84320077157597,-43.78937945801634,standing
1420650343342,33.243685244786356,78.84320077157597,-43.78937945801634,standing
1420650343393,33.477574160096395,78.83050534090931,-44.112625000995344,standing
1420650343444,33.696681890560576,78.82405274087657,-44.39782011667861,standing
1420650343488,33.903407698045704,78.83396075229795,-44.657957776496154,standing
1420650343542,33.91160413421586,78.83578912327881,-44.70975399019224,standing
1420650343590,33.86895605992605,78.83463365241694,-44.65932811421107,standing
1420650343642,33.91096839274282,78.86457906997484,-44.69670630533658,standing
1420650343694,33.902451033870605,78.87581976477308,-44.6517812642924,standing
1420650343742,33.89328075090819,78.8806509813043,-44.587269706981466,standing
1420650343792,33.8579607283816,78.88877729558196,-44.504610485903505,standing
1420650343842,33.85140786588886,78.8922008141654,-44.443282050080484,standing
1420650343892,33.85140786588886,78.8922008141654,-44.443282050080484,standing
1420650343942,33.935085647601056,78.89287499327604,-44.46702803641866,standing
1420650343992,34.07690386134425,78.88199938040394,-44.54874431635653,standing
1420650344042,34.331473265093976,78.87603241105091,-44.75671429783541,standing
1420650344092,34.51854969665847,78.85947803433496,-44.91186206748576,standing
1420650344142,34.706979994107776,78.8431577158122,-45.08594627263908,standing
1420650344192,34.955294781647886,78.81655020546164,-45.328748956710136,standing
1420650344242,35.25614451156774,78.79906425771614,-45.60679814590528,standing
1420650344292,35.61839710127012,78.7955580050354,-45.94019243477494,standing
1420650344343,35.92077078305628,78.79640901561866,-46.22176378162886,standing
1420650344393,36.162808414262095,78.79881413821342,-46.491025615512626,standing
1420650344442,36.398950708294414,78.78086690258762,-46.71734326042907,standing
1420650344494,36.398950708294414,78.78086690258762,-46.71734326042907,standing
1420650344542,36.48078511726486,78.7786167068462,-46.76448728020784,standing
1420650344592,36.58441240277456,78.80310945484007,-46.832010548809855,standing
1420650344642,36.582847433223186,78.81428390767931,-46.78115003179751,standing
1420650344692,36.55644806807797,78.83826208151983,-46.71588049864516,standing
1420650344743,36.48661937171667,78.86752254795438,-46.620137335744516,standing
1420650344792,36.441983317737325,78.87926258847624,-46.523408568570346,standing
1420650344842,36.32742653800659,78.89541315036709,-46.35569363145259,standing
1420650344892,36.107899294810196,78.9139603631503,-46.11441185652015,standing
1420650344942,35.91943336783706,78.9313580028405,-45.927958390472845,standing
1420650344992,35.91943336783706,78.9313580028405,-45.927958390472845,standing
1420650345042,35.73061525873226,78.92925513348074,-45.72778233958798,standing
1420650345093,35.53348968400265,78.90584817889092,-45.494356036972526,standing
1420650345142,35.19122540017988,78.88149736202412,-45.14308485537268,standing
1420650345192,34.821736192877445,78.87516143136817,-44.79521447617949,standing
1420650345242,34.518735295344264,78.85443411160041,-44.51092341760926,standing
1420650345293,34.41941322822744,78.83364199955396,-44.41671887376852,standing
1420650345343,34.319720577958066,78.82543462342406,-44.34196356388167,standing
1420650345393,34.12243331555359,78.8198513289751,-44.1804713166411,standing
1420650345443,33.97191245208697,78.80070831169998,-44.0521825211589,standing
1420650345493,33.97191245208697,78.80070831169998,-44.0521825211589,standing
1420650345543,33.83629476435263,78.78019865297227,-43.84245224465413,standing
1420650345592,33.83629476435263,78.78019865297227,-43.84245224465413,standing
1420650345642,33.7025269625326,78.76676721806211,-43.609216060299204,standing
1420650345692,33.50701610699126,78.77668401160838,-43.35206860534308,standing
1420650345742,33.26783341865788,78.77970617361284,-43.0699410044281,standing
1420650345793,32.98161906806492,78.7670637254819,-42.750401316624064,standing
1420650345842,32.72359948521515,78.762897987572,-42.44462984230706,standing
1420650345892,32.45637273469703,78.74689624171153,-42.16714677118749,standing
1420650345942,32.12355824602012,78.7604366989352,-41.882988245408065,standing
1420650345992,31.809752441848484,78.72333923879467,-41.52746520913964,standing
1420650346042,31.40712722287763,78.6855936550963,-41.116171854813324,standing
1420650346093,31.03917717750079,78.68333304761939,-40.797190543607286,standing
1420650346142,31.03917717750079,78.68333304761939,-40.797190543607286,standing
1420650346192,30.806208769799316,78.65848335754038,-40.589006212892514,standing
1420650346242,30.553890900933762,78.6239233790962,-40.34014779316348,standing
1420650346292,30.34378012834644,78.6116219344837,-40.13991687737848,standing
1420650346342,30.173023944302894,78.5941541162265,-40.01433697851764,standing
1420650346393,30.125411217654943,78.57203971132269,-39.98053049121109,standing
1420650346443,30.046111854739777,78.54980276979747,-39.90614944449681,standing
1420650346493,29.93246450287005,78.53721679773811,-39.830727253620495,standing
1420650346543,29.899192884354672,78.51667203388317,-39.77343045796736,standing
1420650346593,29.833698531425643,78.4900145419073,-39.71559369183968,standing
1420650346642,29.833698531425643,78.4900145419073,-39.71559369183968,standing
1420650346693,29.796029224843323,78.480070423631,-39.69277727718055,standing
1420650346743,29.725525115294946,78.45665527989796,-39.652523459085295,standing
1420650346792,29.663526310283164,78.44309319496533,-39.592777546531,standing
1420650346842,29.515697432119694,78.42957289255732,-39.426858747424326,standing
1420650346892,29.641108008660417,78.40803076141246,-39.450832600850205,standing
1420650346942,30.086150846158663,78.36500354058948,-39.671009246011,standing
1420650346993,30.681014208716263,78.31324128472433,-39.87547617787407,standing
1420650347042,31.377378616839955,78.25857359846198,-40.049869904880794,standing
1420650347093,32.089840234164605,78.16249754811636,-40.113719932604795,standing
1420650347142,32.32817373329009,78.16071013645204,-39.762167015295724,standing
1420650347192,31.53186160184788,78.24690626457262,-38.6978871872789,standing
1420650347242,31.53186160184788,78.24690626457262,-38.6978871872789,standing
1420650347292,30.711831074879846,78.19432190237714,-37.90321236428087,standing
1420650347342,30.331454283237886,78.04509844284934,-37.66258633653758,standing
1420650347393,30.293795770463806,77.8728801241192,-37.794616163345,standing
1420650347442,30.38112399797188,77.69484588039494,-38.03347123731806,standing
1420650347493,30.59172671090987,77.56216096581113,-38.30068596779623,standing
1420650347543,30.82315689961508,77.47630446230691,-38.5880815618173,standing
1420650347593,30.927158565825607,77.38805957737368,-38.79550860476329,standing
1420650347643,30.924176356403883,77.28352483210004,-38.87994860958181,standing
1420650347694,30.916601500916137,77.13784813846705,-38.92142237213133,standing
1420650347743,30.916601500916137,77.13784813846705,-38.92142237213133,standing
1420650347793,31.014506238548332,77.00000965192784,-39.05931564191304,standing
1420650347843,31.068441388418606,76.92272370438259,-39.17980196655012,standing
1420650347893,31.032813990401454,76.81912965509784,-39.19409690953489,standing
1420650347942,31.038244371775388,76.6737625229202,-39.236575385296945,standing
1420650347993,31.078160595092132,76.59112864223958,-39.31240289281903,standing
1420650348042,31.190548685346744,76.54992774595647,-39.45776690260437,standing
1420650348093,31.453891592643142,76.54545134391277,-39.758834488030736,standing
1420650348142,31.644301514560812,76.60365639952869,-40.01366920555057,standing
1420650348192,31.78952218841209,76.6957425755929,-40.251780806943735,standing
1420650348242,31.882191124484272,76.78661719796082,-40.43189625466075,standing
1420650348292,31.833146524698034,76.9052964647506,-40.50489881215776,standing
1420650348338,31.833146524698034,76.9052964647506,-40.50489881215776,standing
1420650348393,31.7303161256695,77.02463035948827,-40.568654596873984,standing
1420650348439,31.791604446476484,77.1658599106369,-40.788022545356824,standing
1420650348493,31.923683437984693,77.28039633216225,-41.06543526305806,standing
1420650348540,31.894309428356983,77.3948063280207,-41.14344588335047,standing
1420650348594,31.855528766889982,77.50805839781158,-41.27688079060293,standing
1420650348641,31.69775276677609,77.63163995824742,-41.30905054795935,standing
1420650348694,31.652786697891298,77.74245539405403,-41.425958353930824,standing
1420650348742,31.902984560644867,77.77733913544355,-41.60515848518879,standing
1420650348794,32.84134085448489,77.81544646395143,-42.139681164016025,standing
1420650348842,32.84134085448489,77.81544646395143,-42.139681164016025,standing
1420650348894,34.339292002257366,77.76529934983623,-42.8736642981282,standing
1420650348942,35.44911193367458,77.88694108727636,-43.182603338175376,standing
1420650348992,35.7712069138869,77.88890501945095,-42.90969468525078,standing
1420650349042,35.311612594686466,77.9020652221908,-42.20320722768055,standing
1420650349092,34.399454424514694,77.83314169748786,-41.35445153264761,standing
1420650349142,33.29077031133903,77.71482326873864,-40.51000928456842,standing
1420650349192,31.989335283642603,77.56313663670225,-39.5294814866314,standing
1420650349242,31.629295523543096,77.35626299674384,-39.30548366386915,standing
1420650349294,31.485954590197842,77.07529562140195,-39.193548122281484,standing
1420650349340,31.114125180637814,76.82466815621477,-38.792418734810354,standing
1420650349393,30.70019965568384,76.55149440751438,-38.35733546404372,standing
1420650349442,30.70019965568384,76.55149440751438,-38.35733546404372,standing
1420650349493,30.02926397987495,76.25722173325387,-37.74678362751519,standing
1420650349542,29.29867219147155,75.89841741450319,-37.02265423821353,standing
1420650349594,28.752872720526714,75.56268863887634,-36.45836675202401,standing
1420650349641,28.605478565740896,75.33767066803863,-36.2995223496258,standing
1420650349695,28.553889505246758,75.1671399310737,-36.223039560437854,standing
1420650349744,28.60278350556042,75.04815698561725,-36.19014619409589,standing
1420650349792,28.592129048135714,74.93788236338891,-36.00596184069786,standing
1420650349842,28.394333234033724,74.86373302366508,-35.63067123141939,standing
1420650349892,28.039775704076465,74.86919974858347,-35.15138417723279,standing
1420650349942,28.039775704076465,74.86919974858347,-35.15138417723279,standing
1420650349992,27.864445904547928,74.93469177206589,-34.821311439608536,standing
1420650350042,27.86139410378541,75.02156972401048,-34.66460310415745,standing
1420650350092,27.80220880087082,75.17748355514924,-34.51191452301226,standing
1420650350142,27.768058159528433,75.35261582835616,-34.482952098571126,standing
1420650350192,27.682041325349562,75.51514131550304,-34.45389340856223,standing
1420650350242,27.75374132344598,75.6506245831845,-34.57249517131013,standing
1420650350293,27.908439775455808,75.81295047398885,-34.830038485746854,standing
1420650350342,28.023373589107422,75.98789118867268,-35.08088053088386,standing
1420650350393,28.18875021382912,76.12444308517652,-35.406226256863604,standing
1420650350442,28.406573328501256,76.22455116644218,-35.73547683446285,standing
1420650350494,28.520737651465378,76.30269667869376,-35.94302082666373,standing
1420650350542,28.742901526501498,76.4052044071151,-36.2728238880645,standing
1420650350594,28.742901526501498,76.4052044071151,-36.2728238880645,standing
1420650350643,29.03400571235888,76.50081975540188,-36.622076737376176,standing
1420650350694,29.38472780977041,76.59187380702657,-37.03756491040673,standing
1420650350743,29.744478817990032,76.69435728498011,-37.4729739139569,standing
1420650350792,30.05531854951625,76.79641698621442,-37.862304242842555,standing
1420650350843,30.416640854357855,76.8676812566466,-38.29331185075299,standing
1420650350892,30.728625146106847,76.93468488449531,-38.64590787152128,standing
1420650350942,31.05390563535029,76.9895111232084,-39.075380070110896,standing
1420650350992,31.315357314348844,77.07096382834303,-39.47732658769619,standing
1420650351042,31.724243766969085,77.11167062040391,-39.96391120873606,standing
1420650351092,31.724243766969085,77.11167062040391,-39.96391120873606,standing
1420650351142,31.973406827359995,77.13484678703318,-40.26279989828101,standing
1420650351192,32.210171754504145,77.1892725772707,-40.57848998584729,standing
1420650351242,32.37577813806628,77.25117509153327,-40.817279710905275,standing
1420650351292,32.655888242115935,77.28062985446257,-41.16426792608615,standing
1420650351342,32.879189909929956,77.3250458497479,-41.41856884456291,standing
1420650351392,33.10140090021137,77.39420442965074,-41.69995342280663,standing
1420650351442,33.27493936278632,77.44131071220332,-41.91959451640164,standing
1420650351492,33.33691936771831,77.48957004524254,-42.0288590335844,standing
1420650351542,33.37979624568538,77.53871852641353,-42.11818542032534,standing
1420650351591,33.37979624568538,77.53871852641353,-42.11818542032534,standing
1420650351642,33.35154434005868,77.60229727480842,-42.212899821072476,standing
1420650351694,33.35154434005868,77.60229727480842,-42.212899821072476,standing
1420650351743,33.36952477993289,77.6322116782852,-42.3075933258119,standing
1420650351794,33.31737811220417,77.63507727733312,-42.32719938750539,standing
1420650351843,33.29311503040832,77.65319004441022,-42.38116947343408,standing
1420650351892,33.22664457534322,77.666289198859,-42.388862286828,standing
1420650351942,33.23010976496547,77.6924889295433,-42.449730552858284,standing
1420650351992,33.276479562390485,77.70913045505401,-42.53199356645125,standing
1420650352039,33.29298804148966,77.71289853396753,-42.593612115215244,standing
1420650352088,33.303220844809616,77.74490055082897,-42.668143259134396,standing
1420650352140,33.303220844809616,77.74490055082897,-42.668143259134396,standing
1420650352192,33.328539586246464,77.76999157131893,-42.766602861379525,standing
1420650352242,33.40155658355345,77.79764471948789,-42.9283293290316,standing
1420650352292,33.58879095078718,77.81466282488873,-43.209323129402456,standing
1420650352342,33.809987575184685,77.83654614387711,-43.60499498089652,standing
1420650352392,33.611417659973746,77.8718700960152,-43.65856773491542,standing
1420650352442,33.48944832790409,77.85101071791762,-43.625110961307264,standing
1420650352492,33.78390256999667,77.76208559905646,-43.86207981816363,standing
1420650352542,34.38460957400582,77.72008330573652,-44.187115233301924,standing
1420650352592,34.70106472893867,77.56064926306925,-44.01489518054163,standing
1420650352642,35.06148390927895,77.33966669790979,-43.62883240221012,standing
1420650352693,34.712270393238164,77.1158250721068,-42.47844059009258,standing
1420650352742,34.12611792715359,76.90684104943966,-41.29046157366521,standing
1420650352793,34.12611792715359,76.90684104943966,-41.29046157366521,standing
1420650352844,33.194088476380315,76.65422615840109,-40.106943377628085,standing
1420650352888,32.17882781577467,76.41932153168806,-38.851756690975954,standing
1420650352942,31.041182965446428,76.08733117818117,-37.377668611472906,standing
1420650352992,30.00130782890468,75.66992834446923,-36.00005962615132,standing
1420650353042,28.797751603735495,75.23663157523414,-34.452524817080906,standing
1420650353092,27.95056712903243,74.9386247579292,-33.340743314626735,standing
1420650353142,27.368300427624696,74.65267790535724,-32.63642374810269,standing
1420650353192,27.19982950804094,74.47290274820456,-32.44248572196475,standing
1420650353243,27.080132424988765,74.3321003479175,-32.330867085156704,standing
1420650353292,27.056836376110223,74.20779166981382,-32.36017435197947,standing
1420650353342,27.056836376110223,74.20779166981382,-32.36017435197947,standing
1420650353389,26.981008007835424,74.12928085191344,-32.362808715931635,standing
1420650353442,26.980043982078445,74.08401387776722,-32.43978522531952,standing
1420650353490,27.05394292173089,74.0705328051765,-32.58753934677796,standing
1420650353542,27.107763353408565,74.09327636746892,-32.736996757940474,standing
1420650353591,27.23103193154067,74.16888035410707,-32.968589640161454,standing
1420650353642,27.475797543916165,74.27029674521366,-33.31138629472787,standing
1420650353692,27.773876643278292,74.405665434213,-33.69806024954271,standing
1420650353742,27.968757051762168,74.55997668422559,-33.96405802862439,standing
1420650353793,28.110026377384127,74.72842692246563,-34.19754439664109,standing
1420650353843,28.110026377384127,74.72842692246563,-34.19754439664109,standing
1420650353893,28.31471541160701,74.89047447889152,-34.50075497972127,standing
1420650353944,28.570311100103744,75.06681132943459,-34.877720718595235,standing
1420650353992,28.865313727455042,75.25265978560142,-35.30910186539403,standing
1420650354042,29.035638438321037,75.42182802147903,-35.672543706527954,standing
1420650354092,29.113310589404005,75.61064055947735,-36.0565834287155,standing
1420650354142,29.340856193940244,75.79548639500574,-36.62273299892251,standing
1420650354192,29.601481701216326,75.96376179906667,-37.23236030743709,standing
1420650354242,29.99894004124748,76.12534696793689,-37.95233071836369,standing
1420650354292,30.483253210389663,76.27860467238506,-38.76036674505689,standing
1420650354343,30.904751081544195,76.47363459092317,-39.52953816312875,standing
1420650354392,31.382432807840487,76.6568854875391,-40.348153541364766,standing
1420650354442,31.680673289251946,76.83323971986347,-40.9940076773981,standing
1420650354492,31.680673289251946,76.83323971986347,-40.9940076773981,standing
1420650354542,31.890976926025186,77.04335988360005,-41.58981754632716,standing
1420650354592,32.3609341070266,77.24998144610275,-42.450205062525605,standing
1420650354642,33.037381563904134,77.47412306593972,-43.52103823977617,standing
1420650354692,33.918348729440964,77.6995542399852,-44.789998419690136,standing
1420650354739,34.739752237363135,77.86710156131406,-45.91664872220752,standing
1420650354793,35.5409027701619,78.00948796357925,-46.95598987451838,standing
1420650354843,36.179650289577296,78.13481678282078,-47.764838855702806,standing
1420650354893,36.90773207336633,78.26600301143806,-48.65060497081938,standing
1420650354944,36.90773207336633,78.26600301143806,-48.65060497081938,standing
1420650354994,37.6395675823245,78.37456484484775,-49.524520218596024,standing
1420650355042,38.36363650638471,78.43400380734847,-50.35036707031384,standing
1420650355092,38.91955839753116,78.46749276215728,-50.973397380276026,standing
1420650355142,39.36066797590585,78.501518097857,-51.48284394525637,standing
1420650355192,39.70030326917164,78.51862266788791,-51.85576557912238,standing
1420650355242,40.12818495968066,78.50974731072543,-52.261503733866114,standing
1420650355292,40.560527640635044,78.4863934656154,-52.627588671628295,standing
1420650355342,40.840061431753576,78.44413060973795,-52.82376555325232,standing
1420650355392,40.955241575189824,78.39212092946842,-52.812607342608,standing
1420650355442,40.78786379936752,78.30048065816813,-52.53380729332305,standing
1420650355492,40.599712212896364,78.20895948734268,-52.256726419849606,standing
1420650355542,40.599712212896364,78.20895948734268,-52.256726419849606,standing
1420650355592,40.28307177595153,78.12179018090637,-51.89418558576232,standing
1420650355642,40.05849068749323,77.99867065367522,-51.63063035237265,standing
1420650355692,39.71517550629897,77.85768335615148,-51.187500762724966,standing
1420650355743,39.55200473569873,77.75650441074472,-50.93884895337458,standing
1420650355792,39.31896076490854,77.6685328985978,-50.69156004331198,standing
1420650355842,39.11232712869578,77.58003835540404,-50.49058932890731,standing
1420650355892,38.82090162917323,77.46964538769718,-50.194234330228426,standing
1420650355943,38.563256434582634,77.39627043172902,-49.924615893287765,standing
1420650355993,38.41826526425513,77.33033495390036,-49.75887748055511,standing
1420650356043,38.2692844578384,77.27987902995886,-49.565447735273374,standing
1420650356094,38.2692844578384,77.27987902995886,-49.565447735273374,standing
1420650356142,38.107528353373176,77.24685589391244,-49.34232554217571,standing
1420650356192,37.984615619469345,77.22682106330838,-49.163436318577126,standing
1420650356241,37.829102180557705,77.21307628321402,-48.96292482787244,standing
1420650356288,37.72664864112125,77.19189257163285,-48.79898279337727,standing
1420650356343,37.621542730693854,77.17150331998072,-48.63324022057107,standing
1420650356413,37.50409371863464,77.17202309608325,-48.465176852723445,standing
1420650356441,37.386584938183205,77.17187906409073,-48.29139419029069,standing
1420650356492,37.33568642396561,77.17115840841085,-48.213587546605645,standing
1420650356538,37.16508267219169,77.18865819535958,-48.0206546046041,standing
1420650356591,37.0133245409083,77.1874563436658,-47.86454188543113,standing
1420650356642,36.87679337091631,77.20150613627266,-47.72377965949026,standing
1420650356692,36.87679337091631,77.20150613627266,-47.72377965949026,standing
1420650356741,36.79122513238815,77.21531671465532,-47.64095851565539,standing
1420650356793,36.698969218616675,77.22316612360477,-47.53911947380988,standing
1420650356841,36.52678671498414,77.24330810323403,-47.38416983178306,standing
1420650356892,36.182149005237754,77.245319360053,-47.055896300766385,standing
1420650356942,35.93843396147017,77.24924077270533,-46.825013055383266,standing
1420650356992,35.68529038487463,77.26437896372285,-46.58019773302614,standing
1420650357042,35.3662997199107,77.27946275205727,-46.257844758037116,standing
1420650357093,35.044132984495974,77.28031962120673,-45.95663359514619,standing
1420650357143,34.756346601232096,77.29627354002169,-45.68544329244077,standing
1420650357192,34.756346601232096,77.29627354002169,-45.68544329244077,standing
1420650357242,34.43074432574521,77.29707155354491,-45.37065541943803,standing
1420650357289,34.16799450259013,77.29977216163228,-45.10246550292974,standing
1420650357342,33.91955927326408,77.32537402235697,-44.89310865134814,standing
1420650357392,33.747866803240484,77.34252474356124,-44.777923027432436,standing
1420650357442,33.623973749649736,77.36171696362292,-44.69653376728418,standing
1420650357492,33.49792904307472,77.37936023578247,-44.62660049199335,standing
1420650357542,33.37231269289421,77.40112969817812,-44.561207129500886,standing
1420650357592,33.39327345016483,77.42864075635266,-44.643050751793,standing
1420650357642,33.40515364588702,77.47084352024545,-44.71387830280408,standing
1420650357692,33.40515364588702,77.47084352024545,-44.71387830280408,standing
1420650357742,33.562077905861194,77.56386571851375,-44.947473147583814,standing
1420650357792,33.562077905861194,77.56386571851375,-44.947473147583814,standing
1420650357842,33.71446571516377,77.61378275323052,-45.15143906750624,standing
1420650357892,33.87353188136064,77.65617590359676,-45.35165792874872,standing
1420650357942,34.03647646105113,77.67766935859014,-45.55947967536237,standing
1420650357992,34.24196635599468,77.71209660811587,-45.810268657284404,standing
1420650358043,34.511902341368575,77.71956874471066,-46.08861096380934,standing
1420650358093,34.694212201397455,77.71644336540557,-46.264545365672966,standing
1420650358143,34.93163758458167,77.73635194635528,-46.51183481402951,standing
1420650358193,35.227930338275605,77.72171859650743,-46.815456398235696,standing
1420650358244,35.490108368253615,77.71042523036364,-47.10930704846857,standing
1420650358290,35.490108368253615,77.71042523036364,-47.10930704846857,standing
1420650358343,35.70942109388005,77.71149231234006,-47.34560442271678,standing
1420650358392,36.005764592818615,77.6740050430102,-47.65130966253057,standing
1420650358443,36.27925115187408,77.64446515198541,-47.91282557168576,standing
1420650358492,36.50409243657273,77.61340259141117,-48.11851969564836,standing
1420650358538,36.61564501093892,77.58435270815724,-48.20651150287433,standing
1420650358592,36.70014016231955,77.54314746408772,-48.26766715864155,standing
1420650358639,36.7094113136008,77.4996750433215,-48.228668976028544,standing
1420650358692,36.777459463303074,77.44451459618377,-48.218615186851245,standing
1420650358740,36.89028647837649,77.38749940416112,-48.21396703279314,standing
1420650358792,37.04840378992221,77.33754496855306,-48.24577099467486,standing
1420650358841,37.194758000086864,77.27107399550242,-48.24009096229084,standing
1420650358892,37.194758000086864,77.27107399550242,-48.24009096229084,standing
1420650358942,37.31487765500124,77.23713093041708,-48.27452782935508,standing
1420650358992,37.34009690400943,77.18354122559155,-48.16453221006204,standing
1420650359042,37.49895583759296,77.10700134186912,-48.16362575227333,standing
1420650359092,37.61492566542752,77.06259700500874,-48.229046723717964,standing
1420650359144,37.524414104338184,77.06835532639302,-48.10802036852819,standing
1420650359192,37.348944931330436,77.01992106210324,-47.90029442028618,standing
1420650359244,37.22013495891745,77.01301799191783,-47.78655763451921,standing
1420650359291,37.13990839438024,77.03271405017149,-47.692459263071186,standing
1420650359344,37.26286299725422,77.02798860672469,-47.71928264871476,standing
1420650359392,37.428930828793156,77.04208489875312,-47.740717863025566,standing
1420650359444,37.428930828793156,77.04208489875312,-47.740717863025566,standing
1420650359492,37.39666658499698,77.08758040022705,-47.56047300397694,standing
1420650359543,37.365756068675324,77.15317413753357,-47.373710009231594,standing
1420650359592,37.35880940968223,77.21271169795696,-47.318303563317386,standing
1420650359643,37.35092562532426,77.28071069514392,-47.38056958974577,standing
1420650359692,37.404996905030366,77.35240407189512,-47.53383834807593,standing
1420650359744,37.5577306071729,77.41512061060455,-47.792454473655084,standing
1420650359792,37.729393184881424,77.47515210936433,-48.07242947496963,standing
1420650359842,37.933872102273035,77.53765559838386,-48.394830516369396,standing
1420650359893,38.09889878556203,77.57958242929922,-48.65458076807558,standing
1420650359942,38.40863716801327,77.61311455318119,-49.06635973639627,standing
1420650359992,38.40863716801327,77.61311455318119,-49.06635973639627,standing
1420650360040,38.532624640047764,77.62544148395253,-49.29186844649514,standing
1420650360091,38.62899731907994,77.63825272549803,-49.48073227848091,standing
1420650360141,38.623737797366196,77.6507674674524,-49.57282444372035,standing
1420650360191,38.61650794213666,77.67497349932933,-49.70003678634207,standing
1420650360241,38.506397110923345,77.70715526243782,-49.7495821607331,standing
1420650360291,38.226870269175464,77.7086944771937,-49.582362138272735,standing
1420650360342,37.82896869318093,77.69719211334467,-49.26598715363768,standing
1420650360391,37.53840785697826,77.72252413322823,-49.043827772455906,standing
1420650360441,37.35659309946448,77.7376285520884,-48.89697639828204,standing
1420650360492,37.35659309946448,77.7376285520884,-48.89697639828204,standing
1420650360542,36.73681432730589,77.7671979912115,-48.18105845236539,standing
1420650360592,36.73681432730589,77.7671979912115,-48.18105845236539,standing
1420650360642,36.257791906106036,77.76100637295927,-47.67814813520726,standing
1420650360692,35.842042077059176,77.72831900341573,-47.296983122907896,standing
1420650360742,35.67220573074218,77.70107037425197,-47.2746519412727,standing
1420650360787,35.56066739519502,77.68875830149032,-47.55260821865942,standing
1420650360842,34.27503884270436,77.64406444081135,-46.821955739417085,standing
1420650360892,33.15790352014938,77.8812658413339,-46.45712699945616,standing
1420650360942,31.9108561801449,78.01242196163673,-46.18306857130389,standing
1420650360992,31.95667269511772,78.00483212306571,-47.3266402519006,standing
1420650361042,31.835237123599498,78.04428732676867,-48.362663342650464,standing
1420650361092,31.64296987381364,78.07872963068144,-49.305117225948074,standing
1420650361142,31.64296987381364,78.07872963068144,-49.305117225948074,standing
1420650361192,31.357922407411472,78.02063321410921,-50.17697209925759,standing
1420650361242,31.377153168847503,78.03725257211234,-51.38112722556293,standing
1420650361292,31.51391101623958,78.01640481096392,-52.590358583242505,standing
1420650361343,31.8798647445031,77.92189794417457,-53.88070589625895,standing
1420650361392,32.37103440532887,77.80698514714743,-55.15399702078337,standing
1420650361444,33.07417784179579,77.69396397733892,-56.52441532807808,standing
1420650361493,33.707305443102264,77.57087066697733,-57.71244784465249,standing
1420650361544,34.22574841001133,77.44050691313687,-58.7206822750053,standing
1420650361594,34.22574841001133,77.44050691313687,-58.7206822750053,standing
1420650361642,34.73844693461069,77.38197494803681,-59.67635902039006,standing
1420650361692,35.53641637273929,77.32900574286519,-60.8088158282267,standing
1420650361742,35.919435212015905,77.29373951429258,-61.564063135941524,standing
1420650361792,35.535871055587954,77.2951313620332,-61.66030721017254,standing
1420650361843,35.345666491325055,77.36428028844082,-62.071897518804406,standing
1420650361892,35.502573909358084,77.44898116415258,-62.91647569461867,standing
1420650361942,35.94791756477087,77.41685897158106,-63.95910499387982,standing
1420650361990,36.36889277826982,77.371060909343,-64.81853227164076,standing
1420650362039,36.52223229923151,77.39919663054725,-65.4295054191482,standing
1420650362092,36.50481534042826,77.47687202528911,-65.91161037232206,standing
1420650362142,36.432981059774946,77.55199892045343,-66.39709958240928,standing
1420650362192,36.432981059774946,77.55199892045343,-66.39709958240928,standing
1420650362240,36.123611601918306,77.65271137191249,-66.67484107485198,standing
1420650362292,35.74803824782657,77.73030724308249,-66.9131662159693,standing
1420650362342,35.46596884459416,77.81072459481938,-67.23923922940526,standing
1420650362392,35.57245658293949,77.8537265107452,-67.87922406032277,standing
1420650362442,36.087591161371506,77.84575603888379,-68.78970136833802,standing
1420650362492,36.51871185638124,77.81637192416396,-69.37918365845536,standing
1420650362543,37.055538265984644,77.76069525760285,-69.81051982441197,standing
1420650362594,37.54639425486624,77.72434976927607,-70.03444180746523,standing
1420650362644,38.04283616823138,77.65748522302871,-70.10007999695563,standing
1420650362692,38.455726906109824,77.60527144351384,-69.98644167710877,standing
1420650362742,38.455726906109824,77.60527144351384,-69.98644167710877,standing
1420650362792,38.598723302604284,77.59094066499789,-69.5770393301483,standing
1420650362843,39.01427010515465,77.5851539797596,-69.4568440868371,standing
1420650362892,39.56309459918391,77.52997649413419,-69.40241407765295,standing
1420650362942,39.936510568073416,77.48069083961877,-69.15093471968764,standing
1420650362992,40.13335631149785,77.41303544289325,-68.7220893260957,standing
1420650363042,40.52248254721766,77.36714798015467,-68.53203471387057,standing
1420650363092,41.00532757396254,77.3461825047629,-68.5578963347703,standing
1420650363142,41.42519535909404,77.30080747190104,-68.61003007531711,standing
1420650363192,41.49690581167249,77.25073908549669,-68.39102985399177,standing
1420650363242,41.45147132894416,77.19705720831872,-68.16213416528824,standing
1420650363292,41.5135324847025,77.13580449264694,-68.13275525451351,standing
1420650363342,41.5135324847025,77.13580449264694,-68.13275525451351,standing
1420650363392,41.65757199664446,77.05606233431647,-68.19064597406191,standing
1420650363442,41.54304195773591,77.00894511612545,-68.05361875222613,standing
1420650363492,41.02081186386005,76.91314679580232,-67.52983659003978,standing
1420650363542,40.43975643145522,76.73231647669495,-67.0086941443371,standing
1420650363593,39.71087676892746,76.4978423182119,-66.30122212743937,standing
1420650363643,38.56824956605987,76.2589519565659,-65.17420641825777,standing
1420650363693,37.72972269801724,75.98802989052872,-64.41466223609477,standing
1420650363744,37.151936287268654,75.70408842016886,-63.77919286511583,standing
1420650363789,36.149065480393894,75.33464532723636,-62.671936429713796,standing
1420650363842,36.149065480393894,75.33464532723636,-62.671936429713796,standing
1420650363890,34.47942438559827,74.93876131404868,-60.816234200918615,standing
1420650363942,32.506087376549544,74.53625858362275,-58.774716842595325,standing
1420650363991,30.575120859241483,74.04208252759085,-57.05576485537787,standing
1420650364042,27.88915013252019,73.46152928849982,-54.839853343126684,standing
1420650364092,25.125862842071307,73.13726886212793,-52.851429248376945,standing
1420650364142,23.173617268342472,73.1230493064517,-51.85277884802331,standing
1420650364192,22.455665337568796,73.2579973031041,-52.364177273871164,standing
1420650364242,21.20659041327475,73.84273801128109,-52.49180780700567,standing
1420650364292,19.618360311189907,75.07002493110662,-52.311732988463575,standing
1420650364343,17.4913404041937,75.74160850530558,-51.77297161184077,standing
1420650364392,14.267217306461601,76.17057100514714,-49.772365676957946,standing
1420650364442,14.267217306461601,76.17057100514714,-49.772365676957946,standing
1420650364492,9.878873305137919,77.13594432839781,-47.497635743848505,standing
1420650364542,5.018162300633865,77.99876223218239,-45.3412787934094,standing
1420650364593,0.1283859091423221,78.48856520387183,-43.356898329434344,standing
1420650364643,355.6510285845293,79.33928738579763,-42.12840429882575,standing
1420650364693,353.7704006848064,80.40943082679246,-43.530657705653994,standing
1420650364745,354.51773968875,81.22656943250317,-46.79354775957133,standing
1420650364792,354.32340434822197,82.3306391681052,-48.7033391986235,standing
1420650364844,350.2169096678082,82.47235262276466,-46.94858196889267,standing
1420650364892,347.63595273063163,82.39103864915909,-46.20544273343398,standing
1420650364943,347.63595273063163,82.39103864915909,-46.20544273343398,standing
1420650364993,346.1435627814713,82.64788474157474,-46.9758507108211,standing
1420650365042,344.43953703606604,83.02392722431459,-46.98729815018937,standing
1420650365092,344.97074938786017,83.44557548487589,-48.992321627106044,standing
1420650365142,345.4625641836674,83.82270391532784,-51.358405208347364,standing
1420650365192,343.48717991983546,83.9385216467101,-51.46318904825444,standing
1420650365242,340.85117873709817,83.93441217532111,-50.386821306398865,standing
1420650365292,340.99543159993397,84.10002548447316,-51.65471969673584,standing
1420650365341,340.5743365928182,84.06120963052756,-52.022988048683544,standing
1420650365393,339.307672655075,84.02919354270463,-51.628987268600575,standing
1420650365442,337.976129406476,83.93204524487581,-51.62534110659942,standing
1420650365492,336.200838389927,83.77824001311106,-51.28783356726313,standing
1420650365542,336.200838389927,83.77824001311106,-51.28783356726313,standing
1420650365590,334.3547189315151,83.41680816597813,-50.46051337538178,standing
1420650365642,330.90902033870145,83.15978759049453,-47.837253169723816,standing
1420650365692,327.2217533546921,82.69938636283578,-44.56528168911411,standing
1420650365743,322.3523498523964,82.20469561006637,-39.73800202819004,standing
1420650365793,317.3911672531709,82.11152231397064,-35.406735283577945,standing
1420650365844,315.2169568865551,81.27846999292606,-33.654630723373955,standing
1420650365893,312.8942724929956,80.57142470827024,-31.309821722663397,standing
1420650365944,310.3427856634089,79.92040808684932,-28.629557845631577,standing
1420650365993,307.7233683546142,79.05387171818431,-25.704684445224764,standing
1420650366042,307.7233683546142,79.05387171818431,-25.704684445224764,standing
1420650366092,300.7099481586771,78.3034715395371,-18.613235364647903,standing
1420650366142,300.7099481586771,78.3034715395371,-18.613235364647903,standing
1420650366192,299.58829108020063,78.22752311571371,-17.683457023385618,standing
1420650366242,295.8533225750294,78.56095589844699,-14.61763859062594,standing
1420650366292,294.5384034477445,78.83692213237515,-13.807190695380452,standing
1420650366342,299.8656137238561,79.11887736786106,-19.406787384418333,standing
1420650366392,304.0727899708664,79.75166359602389,-23.789968134470445,standing
1420650366442,303.985319000108,80.5524785572668,-24.381177268582142,standing
1420650366492,304.31138126148994,80.81374976387094,-25.266838381831374,standing
1420650366542,304.9460139011139,81.09407012436779,-26.30109970696027,standing
1420650366591,304.8427759221052,81.3776797080455,-26.312363185934686,standing
1420650366642,304.8427759221052,81.3776797080455,-26.312363185934686,standing
1420650366692,305.5192227083929,81.72751162278048,-26.983217565700485,standing
1420650366742,305.9632476058989,82.05754456304687,-27.33096376934432,standing
1420650366792,306.13528711429433,82.25334030621855,-27.48565922956621,standing
1420650366842,306.163927522828,82.40491817108317,-27.36927316368781,standing
1420650366894,305.84997439666216,82.60842582866289,-26.92961700171914,standing
1420650366943,306.37264084734215,82.72419910792418,-27.3606937717837,standing
1420650366993,306.53580752046634,82.84599654337916,-27.46653131162985,standing
1420650367044,306.8648845565743,82.88985613639187,-27.742039769653033,standing
1420650367092,307.4475926597125,82.91578250428685,-28.286126212128142,standing
1420650367142,308.43074109216104,82.88667021346862,-29.215315648453718,standing
1420650367192,308.43074109216104,82.88667021346862,-29.215315648453718,standing
1420650367239,309.491957296522,82.82803112900716,-30.188024577960746,standing
1420650367292,310.4014370077153,82.78732871142772,-31.046462854356438,standing
1420650367342,311.0193400024951,82.74828176775067,-31.65541247535562,standing
1420650367393,311.7100186112869,82.72333986143946,-32.346396182638095,standing
1420650367442,312.44273622249136,82.72116521767904,-33.1311634749165,standing
1420650367492,312.6038766738428,82.74490031109937,-33.299867534555425,standing
1420650367542,312.55245245593375,82.77757272719448,-33.31797338990323,standing
1420650367591,312.7792961220387,82.78957745509827,-33.62232132356496,standing
1420650367643,313.2367425161935,82.79362850123574,-34.08900238991712,standing
1420650367692,313.9309277595121,82.83920246278616,-34.784784157121074,standing
1420650367740,313.9309277595121,82.83920246278616,-34.784784157121074,standing
1420650367792,314.80963400249044,82.85639916177375,-35.569910226856564,standing
1420650367842,315.2888668839001,82.9024245382965,-35.973100986471344,standing
1420650367892,315.72212238691253,82.96220895617846,-36.33485430207001,standing
1420650367943,316.3648023785884,83.01219553385393,-36.900045289151684,standing
1420650367993,317.13738708236605,83.04519331400074,-37.60104443411996,standing
1420650368042,317.432455470202,83.0716650149908,-37.864174982052894,standing
1420650368093,317.45829204872365,83.12052054829704,-37.9327478749979,standing
1420650368142,317.96948553882515,83.15559738795552,-38.49537691480794,standing
1420650368192,318.94598098294534,83.17413922220787,-39.48701967549127,standing
1420650368241,319.6499579733777,83.18566834694089,-40.1335264677998,standing
1420650368292,319.6499579733777,83.18566834694089,-40.1335264677998,standing
1420650368342,319.73623808082635,83.19371467067776,-40.151879961837786,standing
1420650368392,319.60739246019125,83.23888561511009,-40.03385200748231,standing
1420650368442,319.18984548926335,83.27795803128038,-39.638824896102115,standing
1420650368492,318.4458007529717,83.27887069056037,-38.90796848956496,standing
1420650368542,317.6342223073352,83.28264966108628,-38.17342023927401,standing
1420650368592,317.1762662831223,83.27878008514023,-37.79393480231797,standing
1420650368642,317.0239107718135,83.28560998826121,-37.70373390363279,standing
1420650368692,316.8580093803976,83.29069621730194,-37.57555958665089,standing
1420650368742,316.7353157829934,83.29341467782501,-37.496150377986645,standing
1420650368792,316.67961780097335,83.29140402490744,-37.45366772865384,standing
1420650368842,316.4807817778425,83.28768294023129,-37.26379490743107,standing
1420650368892,316.4807817778425,83.28768294023129,-37.26379490743107,standing
1420650368939,316.1323967578458,83.28918823718737,-36.9103315963593,standing
1420650368992,315.86287275791585,83.29336156356719,-36.66152537904123,standing
1420650369040,315.88836047119673,83.28524388282457,-36.68650872932973,standing
1420650369093,315.720917341197,83.28845400215931,-36.4809694105749,standing
1420650369141,315.70460806958994,83.27994854455093,-36.42969206835682,standing
1420650369193,315.8573093806282,83.28135730681929,-36.54593725803953,standing
1420650369244,316.0264814991207,83.25196214529804,-36.640837501640306,standing
1420650369293,316.093863415728,83.22756091913242,-36.64522806388247,standing
1420650369344,315.96947874670076,83.19440399825808,-36.4782078711891,standing
1420650369392,315.96947874670076,83.19440399825808,-36.4782078711891,standing
1420650369439,315.5824540627754,83.18024796159192,-36.0792195784288,standing
1420650369492,315.31309012073797,83.16337990320515,-35.793655662046724,standing
1420650369542,314.9494787348799,83.16676081418493,-35.48693341332523,standing
1420650369592,314.74657386323753,83.1669791680086,-35.356463001758165,standing
1420650369643,314.7009068265839,83.1811285314372,-35.387050799507,standing
1420650369692,314.6633977404336,83.17684722907075,-35.39227432281312,standing
1420650369742,314.5059086443766,83.17734906109148,-35.249661552813464,standing
1420650369792,314.2756374995249,83.20377423303141,-35.06413590733269,standing
1420650369842,314.0972651143,83.21368147639107,-34.93517759605456,standing
1420650369892,313.91962743842987,83.22752939203023,-34.805323773038964,standing
1420650369943,313.91962743842987,83.22752939203023,-34.805323773038964,standing
1420650369993,313.93814764137267,83.22895941148293,-34.86211977834971,standing
1420650370042,313.7814082939671,83.27624889722009,-34.82221953422485,standing
1420650370093,313.58851843967545,83.29278342231216,-34.81561178110793,standing
1420650370143,313.48348969132775,83.30581063051999,-34.89995755625837,standing
1420650370193,313.4617633958044,83.27787152897152,-35.04457049835572,standing
1420650370243,313.374867864059,83.26429635766651,-35.081807680690574,standing
1420650370295,313.2532009152802,83.26660596911081,-35.06727250521016,standing
1420650370343,313.2276017696544,83.28264618179567,-35.11570869813466,standing
1420650370394,313.521929646955,83.29116938900877,-35.439669913820026,standing
1420650370440,313.7520874343892,83.30534155334458,-35.683966091456675,standing
1420650370493,313.7369946834737,83.31223391032111,-35.631719145809214,standing
1420650370542,313.7369946834737,83.31223391032111,-35.631719145809214,standing
1420650370593,313.86761065725017,83.32590963075498,-35.72656394498644,standing
1420650370642,314.0569171810794,83.34387191485833,-35.85494794375448,standing
1420650370693,314.3836370842204,83.35148633471938,-36.1080461733738,standing
1420650370742,314.60939299834155,83.37993478726558,-36.274230748165024,standing
1420650370793,314.7971143538973,83.39513505616044,-36.42035978675911,standing
1420650370842,314.8377317240372,83.40165986686303,-36.40859348484415,standing
1420650370893,314.7994066785898,83.41908238412022,-36.333592756062366,standing
1420650370942,314.5961570033217,83.42926504431746,-36.1286788876026,standing
1420650370992,314.28048530485137,83.43900601842923,-35.86088404470289,standing
1420650371042,314.2466454869768,83.43381591029711,-35.86658434200688,standing
1420650371092,314.2466454869768,83.43381591029711,-35.86658434200688,standing
1420650371142,314.0946096363317,83.43905959517376,-35.74312656074709,standing
1420650371192,313.9505640596519,83.43935099795176,-35.61151955195659,standing
1420650371242,313.83353338361223,83.45012974343378,-35.503899866790796,standing
1420650371292,313.7530596003286,83.45751034925013,-35.435527676139436,standing
1420650371343,313.6919817405265,83.46693266375912,-35.389371842530956,standing
1420650371393,313.4786052445628,83.46632747864503,-35.159993109921444,standing
1420650371444,313.25677734793373,83.48334284942325,-34.94028508977508,standing
1420650371492,313.09656425671875,83.49914236307255,-34.79434011345423,standing
1420650371542,313.02462258612036,83.51796549782944,-34.70911611896742,standing
1420650371592,312.99402621112756,83.5442099353557,-34.689810183205196,standing
1420650371642,312.99402621112756,83.5442099353557,-34.689810183205196,standing
1420650371692,312.63525455066514,83.54505202680595,-34.32497038580839,standing
1420650371742,311.9309839362469,83.56207858864846,-33.6666324664156,standing
1420650371792,311.4328868341623,83.56963200950571,-33.25062634343513,standing
1420650371842,310.95775532406935,83.57332099128028,-32.86919255350158,standing
1420650371892,310.4944322646717,83.59197134232706,-32.53532930458892,standing
1420650371942,309.57794649055677,83.64181699543688,-31.829798881323676,standing
1420650371992,308.4639946305217,83.70838538820718,-31.01801580006078,standing
1420650372042,307.2204385350759,83.78893351975981,-30.197999302708787,standing
1420650372092,305.9449812440026,83.87863822422194,-29.456699667239462,standing
1420650372142,304.2305005466351,84.00174812680991,-28.38795817080023,standing
1420650372192,303.3196707355017,84.04984718974005,-28.17717796707476,standing
1420650372242,303.3196707355017,84.04984718974005,-28.17717796707476,standing
1420650372292,302.53318439605385,84.01878016137081,-28.09683233736794,standing
1420650372342,302.2646635859536,83.97983033157843,-28.563912361061686,standing
1420650372389,302.1310285823922,83.96621042998933,-29.59087412796978,standing
1420650372442,302.1167731745092,83.96436909658384,-31.137185313938964,standing
1420650372511,301.7454589359477,83.99408841875035,-32.1287638196718,standing
1420650372540,302.34231347359156,83.98779431068789,-33.85599939951893,standing
1420650372588,303.48327299890485,83.80743724997639,-36.31716691459104,standing
1420650372642,303.6099510856726,83.60162109281762,-37.90864458516361,standing
1420650372692,303.4518796856757,83.55836243794761,-39.28681723235028,standing
1420650372738,303.4518796856757,83.55836243794761,-39.28681723235028,standing
1420650372792,304.33170060697284,83.44129312127427,-41.89492891483843,standing
1420650372842,303.81071140594673,83.05391098688658,-43.13220557681623,standing
1420650372893,303.61220834536925,82.62370225412103,-44.60509940198513,standing
1420650372942,304.91875689843545,82.25488100991073,-47.4372467664693,standing
1420650372993,306.1742464310374,82.1676558253326,-50.17393995746705,standing
1420650373042,307.07872063073034,81.88910076189116,-52.142364250388596,standing
1420650373092,307.3227437849122,81.64532808137501,-53.51075969550712,standing
1420650373139,308.51188569003443,81.81663832931736,-56.03576624163762,standing
1420650373192,306.1036742343555,81.9951053470887,-54.672921706399265,standing
1420650373241,306.1036742343555,81.9951053470887,-54.672921706399265,standing
1420650373292,291.70902439662837,81.92985724084092,-43.76237650224947,standing
1420650373341,291.70902439662837,81.92985724084092,-43.76237650224947,standing
1420650373392,278.25248325697487,81.70892457867257,-33.53104443917777,standing
1420650373442,262.4680818025857,81.24143789163679,-22.15115066334223,standing
1420650373493,247.01809500491905,79.14802849006837,-12.351132988167866,standing
1420650373543,234.26454394591502,77.08489286437745,-5.4334391621046105,standing
1420650373594,225.31128483885112,75.4705841837861,-2.9158099890364606,standing
1420650373643,219.02640062128708,75.1031835856517,-2.310051116494689,standing
1420650373694,214.38462514191482,75.46462441160624,-2.497667525608453,standing
1420650373742,214.10181513554195,75.81531229099107,-6.723323723548693,standing
1420650373792,216.42534718093384,75.5452718486782,-12.852472990245548,standing
1420650373842,216.42534718093384,75.5452718486782,-12.852472990245548,standing
1420650373892,217.1751308638881,74.38193477166337,-17.311825109694354,standing
1420650373942,214.95560030453788,73.0340721878208,-18.368004773375883,standing
1420650373992,211.08086597573526,72.90894290962092,-17.221508691352735,standing
1420650374042,207.5073576769806,73.47117890951073,-17.093589780273525,standing
1420650374092,203.41546090208624,74.37520840931411,-16.269708760516572,standing
1420650374142,200.58889599805283,75.64052691160266,-15.92187528838099,standing
1420650374192,200.47952587542872,76.05281617075411,-17.945511134264986,standing
1420650374242,198.42636697556054,76.29391113337294,-17.861872624983377,standing
1420650374290,194.64831946837455,76.88391841368981,-16.181577046497814,standing
1420650374342,191.20982601108255,77.09440955714706,-14.594391729768894,standing
1420650374391,191.20982601108255,77.09440955714706,-14.594391729768894,standing
1420650374442,187.72550630989699,77.22589749970778,-12.622430907045164,standing
1420650374492,184.2848461460771,77.53834849202352,-10.264042348261176,standing
1420650374542,183.36013528297795,78.0684806887508,-10.007073399977267,standing
1420650374592,183.1513343359066,78.54606184704743,-10.023865580148204,standing
1420650374643,180.17003123565263,78.58148901739642,-6.886887295503472,standing
1420650374694,175.99819591158058,78.1963749161449,-2.4946004784208076,standing
1420650374744,173.03171558203857,77.59804265264974,0.6558828742886329,standing
1420650374794,171.06513658879987,76.83617610033951,2.812497919448516,standing
1420650374842,168.90147241685665,76.28380840431859,4.723358113213704,standing
1420650374892,167.02089502404058,75.7048162959468,6.026351221716271,standing
1420650374943,167.02089502404058,75.7048162959468,6.026351221716271,standing
1420650374992,167.2032250453302,75.1485580649927,5.680062335091373,standing
1420650375042,169.3962172832441,75.07955028212552,3.8780796537286646,standing
1420650375092,172.1677892747195,75.42495403988897,1.5824369622994447,standing
1420650375142,174.51244491589247,75.89214609282486,-0.38512542185308407,standing
1420650375193,176.56198858144325,76.45904886631727,-2.2569197943637467,standing
1420650375242,177.3482836251648,76.73563537244411,-2.826271292381616,standing
1420650375292,177.19983305871037,76.75517658314462,-2.4729039033245344,standing
1420650375340,177.20112307689521,76.59729540758259,-2.59734062205104,standing
1420650375390,179.15550547939952,76.63852363816969,-4.53058717316841,standing
1420650375443,181.7971741612346,77.09394695304461,-6.934610738585245,standing
1420650375492,185.94411826105733,77.50063759906449,-10.752221375491784,standing
1420650375542,185.94411826105733,77.50063759906449,-10.752221375491784,standing
1420650375592,189.36907590347394,77.93491055747796,-13.675874660872342,standing
1420650375638,193.41907776197527,78.4431163948283,-17.369546531569018,standing
1420650375692,197.98212377684834,78.82769916198095,-21.626182888898718,standing
1420650375743,202.57122451443172,79.25635886660989,-26.09876485512651,standing
1420650375793,206.68471424825782,79.72959792300342,-30.240825986458955,standing
1420650375843,211.18539195774233,80.04712302210604,-34.90433051072468,standing
1420650375894,216.1368238478902,80.24981612383482,-39.987362575381376,standing
1420650375944,220.4691197030406,80.3500651662776,-44.379784252877315,standing
1420650375992,223.45324780101205,80.41191267441829,-47.45719989021209,standing
1420650376042,223.45324780101205,80.41191267441829,-47.45719989021209,standing
1420650376092,225.8043126910212,80.59386856081261,-50.00486319545848,standing
1420650376142,227.2632948509038,80.6244214969397,-51.56637861119297,standing
1420650376192,229.10840198466153,80.6316111510809,-53.46312361362124,standing
1420650376242,230.58180252020884,80.6633097082473,-54.95944982112771,standing
1420650376292,231.86619103086136,80.69726636034521,-56.15818151842902,standing
1420650376343,233.28569862474592,80.74360214769465,-57.33364915568328,standing
1420650376393,234.372029264208,80.86785658338785,-58.26169058813205,standing
1420650376442,235.81600293902065,80.85439426066917,-59.534309380599765,standing
1420650376494,237.11720918071936,80.84930265912745,-60.501576628162994,standing
1420650376542,237.11720918071936,80.84930265912745,-60.501576628162994,standing
1420650376592,238.99725829961102,80.85025635841555,-61.96242596565854,standing
1420650376642,240.75393749599135,80.88970813924215,-63.19765827905707,standing
1420650376692,242.6028966703726,80.95652187739057,-64.53984387484358,standing
1420650376742,243.78473466487756,81.02358299321715,-65.27599242350222,standing
1420650376792,244.11660303099234,81.08391530317749,-65.15781521676523,standing
1420650376842,243.65414836596173,81.11195508953436,-64.17250464140439,standing
1420650376893,242.85754739117084,81.10216222086495,-62.92515233940939,standing
1420650376942,243.26900517684007,81.11851283171882,-62.93108944121429,standing
1420650376992,244.53457538336332,81.34213284842681,-63.88162246527875,standing
1420650377043,245.23497414569997,81.53072417749658,-64.30178113438598,standing
1420650377092,245.18010188047165,81.65492019889447,-64.0183671199556,standing
1420650377142,245.18010188047165,81.65492019889447,-64.0183671199556,standing
1420650377192,245.51266649188003,81.79815232148302,-64.16777368358154,standing
1420650377242,246.2742679257437,81.88488273402803,-64.84346471543628,standing
1420650377293,247.2074938313635,81.90915006984085,-65.61721575161047,standing
1420650377343,247.84663629073285,81.97042326501843,-66.15368456093698,standing
1420650377392,248.26544995714602,82.01911560572542,-66.57635528422959,standing
1420650377440,248.75981267196462,82.02550598480713,-67.10705425773122,standing
1420650377493,249.2512396196674,82.0146768262913,-67.62319268730901,standing
1420650377544,249.39837621316326,82.01766146462442,-67.79526891086785,standing
1420650377592,249.3154894729172,82.01821613005666,-67.75109244598727,standing
1420650377641,249.44158509599177,82.00221596474366,-67.91976890246238,standing
1420650377692,249.5380659574573,81.98013113033117,-68.05110278568398,standing
1420650377742,249.5380659574573,81.98013113033117,-68.05110278568398,standing
1420650377792,249.4797781063457,81.95984096497344,-68.01426990349465,standing
1420650377842,249.264443921175,81.94597235406034,-67.83455902897545,standing
1420650377892,248.8860175267527,81.92318103657675,-67.45333005853495,standing
1420650377942,248.6605098916489,81.88716128603649,-67.21160935694154,standing
1420650377992,248.53509663843494,81.85414391489957,-67.05510996608899,standing
1420650378042,248.41841325275556,81.81647253629389,-66.91837868083336,standing
1420650378092,248.2462760015329,81.81812840125993,-66.73737030225779,standing
1420650378142,248.1706923593022,81.82175174739129,-66.7043721771625,standing
1420650378192,248.21871162359002,81.82664561309078,-66.7923522792687,standing
1420650378242,248.16951066968605,81.8867358313423,-66.81112316354375,standing
1420650378292,248.16951066968605,81.8867358313423,-66.81112316354375,standing
1420650378342,248.05183508200642,81.89026466498414,-66.81712583283883,standing
1420650378393,248.16753787727464,81.89910111965344,-66.99906541479275,standing
1420650378442,248.65306143738988,81.81035863061588,-67.45467605659445,standing
1420650378494,249.13692949133565,81.74853382433169,-67.8879546739389,standing
1420650378542,248.90766465176355,81.76154780192847,-67.64826764652072,standing
1420650378593,248.76378569137472,81.78693901430746,-67.57115627085608,standing
1420650378643,248.70409240512123,81.77445288667477,-67.5686911872139,standing
1420650378693,248.86688962348614,81.74771877615515,-67.74694188748848,standing
1420650378742,249.07205586247753,81.72150193344119,-67.94027218617532,standing
1420650378792,249.07205586247753,81.72150193344119,-67.94027218617532,standing
1420650378842,249.15281635768198,81.73428751144371,-68.03646276424337,standing
1420650378892,249.1079758354905,81.74218070955379,-68.01456987276114,standing
1420650378942,249.20891040172808,81.74362716888413,-68.131677472823,standing
1420650378992,249.36687726439683,81.74615452151374,-68.27960100463334,standing
1420650379042,249.4283585379466,81.7446164493511,-68.316077388312,standing
1420650379093,249.41600777288275,81.74937123407085,-68.27001541999043,standing
1420650379142,249.3412704235699,81.76426006212964,-68.15284689533895,standing
1420650379193,249.26026094879177,81.77949041762425,-68.04332081252173,standing
1420650379240,249.28698125178232,81.7848091270498,-68.03432379125485,standing
1420650379293,249.33652754805388,81.77834108045916,-68.03793840022905,standing
1420650379340,249.33652754805388,81.77834108045916,-68.03793840022905,standing
1420650379392,249.35159837196557,81.7807394353429,-67.99822933929019,standing
1420650379441,249.2668220576984,81.77892023659483,-67.86911253065553,standing
1420650379492,249.22532975731275,81.78859525083064,-67.80244251657322,standing
1420650379542,249.14521032212159,81.7903639818406,-67.70597296768993,standing
1420650379593,249.0135318042816,81.7796503723425,-67.55735793749065,standing
1420650379643,248.85303458877644,81.77969314879952,-67.39300089846517,standing
1420650379694,248.67675827224875,81.77499589716936,-67.23117108764386,standing
1420650379743,248.404291443527,81.76030840981467,-66.9754898649994,standing
1420650379794,248.21071143858217,81.75275446657672,-66.80731560391457,standing
1420650379842,247.91240435738646,81.73477303682614,-66.51337953158078,standing
1420650379893,247.91240435738646,81.73477303682614,-66.51337953158078,standing
1420650379939,247.6846701480771,81.71672119216072,-66.26938614519878,standing
1420650379993,247.43791090471566,81.70725447335973,-65.9942305943827,standing
1420650380043,247.08826638465095,81.69605862253067,-65.60302298521948,standing
1420650380092,246.6116521436045,81.69584330182637,-65.07527786220206,standing
1420650380142,246.1359230686207,81.69293612280103,-64.55197361681401,standing
1420650380192,245.73197261486362,81.69926159484923,-64.10836711849497,standing
1420650380242,245.42753636307216,81.7098636481589,-63.77138606242808,standing
1420650380293,245.20939190465177,81.71176601194678,-63.525542067502386,standing
1420650380342,244.94766604771928,81.71201465166055,-63.24452491351282,standing
1420650380392,244.88221643053234,81.71500762917678,-63.15016150022031,standing
1420650380443,244.88221643053234,81.71500762917678,-63.15016150022031,standing
1420650380491,244.85005808042658,81.70655396236909,-63.10750596427452,standing
1420650380542,244.920307966372,81.7046147227963,-63.16862337088864,standing
1420650380593,244.94126242721512,81.69967614618933,-63.187852577418084,standing
1420650380642,245.1191044508419,81.69026991377972,-63.33930002764276,standing
1420650380693,245.23281032883725,81.69357518581454,-63.44022086298193,standing
1420650380743,245.40038037111597,81.6886740700393,-63.59574794146316,standing
1420650380794,245.5455764772746,81.68805742461039,-63.74072517949942,standing
1420650380843,245.68737538399176,81.68808983249721,-63.89039162155195,standing
1420650380894,245.77009626050327,81.68590672881709,-64.00092451505813,standing
1420650380943,245.93588397621264,81.6861109675995,-64.19226516194092,standing
1420650380992,245.93588397621264,81.6861109675995,-64.19226516194092,standing
1420650381042,246.05890051944664,81.68362082656421,-64.34269124067042,standing
1420650381092,246.12424217057003,81.68467700968753,-64.43498217824667,standing
1420650381142,246.27437649548824,81.68293227016923,-64.63076439137217,standing
1420650381192,246.40755606446612,81.68336778711911,-64.79708723161109,standing
1420650381242,246.56604753760837,81.67112652647826,-64.98619308034539,standing
1420650381292,246.59849602354188,81.66297288528985,-65.02379592743057,standing
1420650381342,246.67461729449096,81.65681614549474,-65.10037354513011,standing
1420650381392,246.6979726934736,81.64997179755073,-65.09962673739592,standing
1420650381442,246.73960508307093,81.65139920247984,-65.11245185450755,standing
1420650381492,246.75494350425328,81.65216647433172,-65.10420371889451,standing
1420650381542,246.8126856717173,81.64737927354174,-65.13616068030726,standing
1420650381593,246.8126856717173,81.64737927354174,-65.13616068030726,standing
1420650381643,246.86592120016417,81.6550297470136,-65.15040429550396,standing
1420650381692,246.85503123353377,81.65999721510184,-65.10157358619756,standing
1420650381742,246.834017914214,81.6736888781267,-65.05230859129705,standing
1420650381792,246.73025249654518,81.68038059110974,-64.91711231482418,standing
1420650381842,246.6179033912854,81.69301456259248,-64.79044028855807,standing
1420650381892,246.58675113496648,81.70001331951292,-64.73759144816927,standing
1420650381944,246.62084926785857,81.70336730769553,-64.74381813438592,standing
1420650381993,246.64403151060012,81.71022347066548,-64.74724440658568,standing
1420650382044,246.65666458560665,81.71198170930913,-64.74206079176705,standing
1420650382092,246.65666458560665,81.71198170930913,-64.74206079176705,standing
1420650382142,246.71438327142673,81.71665674904976,-64.79051632327275,standing
1420650382192,246.74170657578097,81.71732086299313,-64.80462421275023,standing
1420650382242,246.8204618770112,81.72358753828118,-64.88481644625286,standing
1420650382292,246.8671435053215,81.7286177158891,-64.93988626469945,standing
1420650382341,246.97096307668096,81.72590087063776,-65.04865825010826,standing
1420650382392,247.1411767279842,81.72296825857185,-65.21613337848594,standing
1420650382442,247.251630007262,81.71725018071957,-65.32465017990731,standing
1420650382492,247.351500897639,81.72244667054396,-65.43210086823804,standing
1420650382543,247.4304258688605,81.72132790566239,-65.52143966023573,standing
1420650382592,247.58096918971677,81.7144502643367,-65.67223800576807,standing
1420650382642,247.70327724719846,81.71145327228109,-65.78673349582868,standing
1420650382692,247.70327724719846,81.71145327228109,-65.78673349582868,standing
1420650382742,247.84480836386481,81.70186482047129,-65.91338963149715,standing
1420650382792,247.9905632341843,81.69609307656265,-66.06501819296017,standing
1420650382842,248.043674991859,81.68534154950225,-66.11160005775999,standing
1420650382892,248.03582312820726,81.66806173360209,-66.1117681906055,standing
1420650382942,247.93493861287297,81.66399221313158,-66.03299897256406,standing
1420650382993,247.90471711844333,81.65631841607048,-66.01255461770944,standing
1420650383042,248.02436902852955,81.65097892691581,-66.1410090730981,standing
1420650383093,248.0646180741724,81.65064573748722,-66.16368365883655,standing
1420650383143,248.05465661843547,81.6429940885853,-66.14674359523147,standing
1420650383194,248.05465661843547,81.6429940885853,-66.14674359523147,standing
1420650383242,248.15352077436847,81.64032468462084,-66.21474027739211,standing
1420650383292,248.19516184331772,81.64321756617453,-66.2439135784979,standing
1420650383342,248.2232146713,81.6515370412977,-66.2651283416439,standing
1420650383392,248.2015847029985,81.65346753843563,-66.22122031711467,standing
1420650383439,248.23102391188954,81.65887163912082,-66.23140531413968,standing
1420650383492,248.22503273024498,81.66630878478152,-66.20051676251353,standing
1420650383540,248.21770442343777,81.67522292354239,-66.18234542382989,standing
1420650383593,248.2781177345191,81.68444980084804,-66.22604296068928,standing
1420650383642,248.30232032690438,81.69248724654892,-66.24771415798092,standing
1420650383692,248.32269092430855,81.6995945623351,-66.2573105517194,standing
1420650383742,248.3391070586102,81.71785543599698,-66.25815157302694,standing
1420650383792,248.29426394341192,81.73220984788466,-66.22707280357264,standing
1420650383842,248.29426394341192,81.73220984788466,-66.22707280357264,standing
1420650383892,248.3066182557564,81.74562428756008,-66.24975946938685,standing
1420650383942,248.36728923674468,81.75466529734948,-66.32058798054292,standing
1420650383993,248.45698179934504,81.75345254218732,-66.40584353734437,standing
1420650384042,248.44480408029867,81.76234032005816,-66.38368244200086,standing
1420650384092,248.50694873416276,81.77503472953585,-66.44773719725599,standing
1420650384143,248.54287350377,81.77780434423022,-66.48202980532298,standing
1420650384193,248.4384453284598,81.78678929780406,-66.37638611238309,standing
1420650384243,248.40690923608312,81.80759438718611,-66.36192488167445,standing
1420650384293,248.41478250367697,81.80848620283926,-66.38623185043232,standing
1420650384342,248.41478250367697,81.80848620283926,-66.38623185043232,standing
1420650384388,248.37234688918718,81.80879887915883,-66.35580482547566,standing
1420650384442,248.35606950276352,81.81596926431277,-66.36928972397828,standing
1420650384489,248.36002702795557,81.81820946291894,-66.40002460773813,standing
1420650384543,248.34646965884278,81.81292812651246,-66.39728672312403,standing
1420650384590,248.39848560626336,81.81179949456399,-66.46123177981335,standing
1420650384642,248.35788361026977,81.8163904816214,-66.43051248583664,standing
1420650384693,248.31993874735696,81.80496775813775,-66.39494057922032,standing
1420650384742,248.26772117585415,81.80490029169358,-66.35059391822404,standing
1420650384792,248.28219754520555,81.7924785937311,-66.35400188448136,standing
1420650384842,248.26367051987222,81.7874603092489,-66.3258980856756,standing
1420650384892,248.26367051987222,81.7874603092489,-66.3258980856756,standing
1420650384942,248.1638225539063,81.78426373966144,-66.20595003844646,standing
1420650384992,248.08533612972232,81.78332110184103,-66.11357058739694,standing
1420650385042,248.09086241171195,81.77579419522266,-66.07689317000039,standing
1420650385092,248.08375961898048,81.76361587362854,-66.03583639957807,standing
1420650385142,248.01326680450782,81.77084264724307,-65.93142924997929,standing
1420650385192,247.88386452883964,81.77437676001563,-65.76953203195575,standing
1420650385242,247.7164087154066,81.78435060281433,-65.57582429448519,standing
1420650385293,247.64816735674296,81.78651463963772,-65.49583782774506,standing
1420650385343,247.50793866459477,81.79966744042585,-65.35819782995455,standing
1420650385393,247.3491955329148,81.81699237409077,-65.21015352980257,standing
1420650385443,247.3491955329148,81.81699237409077,-65.21015352980257,standing
1420650385492,247.28473413991227,81.81825861935548,-65.15224629063411,standing
1420650385542,247.29957255228874,81.82929090504972,-65.16620560702526,standing
1420650385592,247.25362198220057,81.83311251071301,-65.1076230916481,standing
1420650385642,247.27856599104112,81.85974561705567,-65.11154836304934,standing
1420650385692,247.316599529479,81.86330895593984,-65.1253724070184,standing
1420650385742,247.36809613943475,81.86292836326977,-65.15144570554376,standing
1420650385792,247.42896794538635,81.87065653873792,-65.1780921190307,standing
1420650385842,247.44337693488745,81.87688074482762,-65.15765726758161,standing
1420650385892,247.49537019970384,81.88008465301229,-65.18402396022775,standing
1420650385942,247.52330807992539,81.88009647225844,-65.21042825554677,standing
1420650385992,247.5179062876779,81.88017372606592,-65.20044061608088,standing
1420650386043,247.5179062876779,81.88017372606592,-65.20044061608088,standing
1420650386092,247.49723956905336,81.86919616193144,-65.17836078518465,standing
1420650386142,247.5406007209965,81.86437396721888,-65.22898883482063,standing
1420650386192,247.63514756174848,81.85500012017768,-65.32936076126916,standing
1420650386242,247.6155093861038,81.84068772074205,-65.3106517077449,standing
1420650386292,247.63755779925523,81.82231092108107,-65.33003721158951,standing
1420650386343,247.64791727831704,81.82005192390541,-65.33681673845113,standing
1420650386393,247.65858489668113,81.81122068071217,-65.34288782394611,standing
1420650386443,247.65780311148046,81.7998953456154,-65.33417028797844,standing
1420650386493,247.68193983191273,81.78750312440773,-65.34618646438365,standing
1420650386542,247.72089350465404,81.78146014227377,-65.36520204146728,standing
1420650386594,247.72089350465404,81.78146014227377,-65.36520204146728,standing
1420650386642,247.75058041300022,81.78018441691825,-65.37489548369726,standing
1420650386694,247.71664301092696,81.77972703352877,-65.31580799302584,standing
1420650386742,247.68085583203782,81.77911859426035,-65.25864279711719,standing
1420650386792,247.66501404881004,81.78388443548016,-65.2340065973116,standing
1420650386842,247.6223414843515,81.77773459003636,-65.18352500459387,standing
1420650386888,247.59760383028902,81.7775667914624,-65.14077537429148,standing
1420650386942,247.50251408460372,81.77143308347505,-65.03861725042745,standing
1420650386992,247.45954746974132,81.77433143273632,-64.99764723407286,standing
1420650387039,247.32599657676226,81.77543591361567,-64.87164053321901,standing
1420650387092,247.2875564117686,81.76956513661958,-64.81941501386764,standing
1420650387142,247.2857239657278,81.76258800496949,-64.80644314806464,standing
1420650387192,247.2857239657278,81.76258800496949,-64.80644314806464,standing
1420650387242,247.23865974609595,81.76267518405571,-64.7451949203422,standing
1420650387292,247.13858392954913,81.76455385731495,-64.62366163182497,standing
1420650387342,247.01721471087615,81.76419805894925,-64.47529115372014,standing
1420650387392,246.93970756666351,81.76737090983038,-64.36538534880147,standing
1420650387443,246.85522719777305,81.77137041935741,-64.24366583517455,standing
1420650387492,246.75089173289462,81.77177269886411,-64.09900028849047,standing
1420650387544,246.61852001182694,81.77651722873564,-63.937714321429674,standing
1420650387593,246.48156238258355,81.78637390429445,-63.76307201554735,standing
1420650387643,246.31230361671888,81.80308155555423,-63.55696437330048,standing
1420650387694,246.31230361671888,81.80308155555423,-63.55696437330048,standing
1420650387744,246.1654054594202,81.81957966694382,-63.37774404496642,standing
1420650387792,245.94495574717274,81.83885055953118,-63.134789548394934,standing
1420650387842,245.81678602270588,81.84835710792586,-62.991502400467695,standing
1420650387892,245.67039791163228,81.86102513543065,-62.81618898336542,standing
1420650387943,245.50491389871723,81.87285468969944,-62.63159947068784,standing
1420650387992,245.35567439563462,81.88535380870476,-62.46498656089359,standing
1420650388043,245.09923515889702,81.89654830721081,-62.21324255242602,standing
1420650388092,244.83172878716152,81.90956532488032,-61.947311896707845,standing
1420650388143,244.38965046387816,81.92228444364345,-61.5097836217126,standing
1420650388192,243.4807782573887,81.88881261241451,-60.694932485812295,standing
1420650388243,243.4807782573887,81.88881261241451,-60.694932485812295,standing
1420650388292,242.6081413460389,81.88057361660432,-59.81036999707405,standing
1420650388342,242.31505230009023,81.88223562982377,-59.590749928099484,standing
1420650388392,242.24361615510597,81.81917174277469,-59.5331960969367,standing
1420650388442,241.86117542802253,81.7626264809723,-59.13579889103261,standing
1420650388492,241.53030036796662,81.76955538274365,-58.762707530217945,standing
1420650388544,241.31805820338903,81.67699973093667,-58.500618576041326,standing
1420650388592,241.13265039717652,81.65419041334522,-58.32481762829656,standing
1420650388643,240.99899184544196,81.65259557923638,-58.24477190884364,standing
1420650388694,241.0552564503658,81.59145826490551,-58.34240902797566,standing
1420650388744,241.0552564503658,81.59145826490551,-58.34240902797566,standing
1420650388793,241.2000941828828,81.55853503118819,-58.47289948886633,standing
1420650388843,241.04041221803016,81.53370329902044,-58.23390202567706,standing
1420650388892,240.85878001245797,81.51417593650892,-58.071563321842206,standing
1420650388943,240.8277734696595,81.48810039136303,-58.02915887039529,standing
1420650388993,240.93005725177366,81.44813741899263,-58.13994527006113,standing
1420650389042,240.75494229187098,81.44686414556884,-57.9348173270195,standing
1420650389092,240.6754514764739,81.44326091542547,-57.89159862683685,standing
1420650389142,240.73091000148528,81.4169429048049,-57.96247378000334,standing
1420650389192,240.8692427430057,81.39324956638224,-58.0787576936958,standing
1420650389242,240.83285634823034,81.40071849617321,-58.023964601517676,standing
1420650389292,240.79553103436876,81.38853846101925,-57.93645965850288,standing
1420650389342,240.79553103436876,81.38853846101925,-57.93645965850288,standing
1420650389392,240.78131044020682,81.37786202936199,-57.858666993728605,standing
1420650389442,240.96974075374345,81.3646703005689,-57.91773960135006,standing
1420650389492,240.91825854407222,81.35877578694765,-57.7580172083738,standing
1420650389542,240.60806899678335,81.38635384603482,-57.43296055302701,standing
1420650389592,240.26805409544875,81.39396257010772,-57.10681704835525,standing
1420650389643,240.15327452370917,81.40546875322708,-57.03030676807142,standing
1420650389693,240.3617664273203,81.4415152646815,-57.27750325465763,standing
1420650389738,240.44357284075411,81.43669215803114,-57.37593446760774,standing
1420650389792,240.64361583344464,81.48560515482185,-57.55757027118476,standing
1420650389839,240.64361583344464,81.48560515482185,-57.55757027118476,standing
1420650389893,240.64605725957372,81.51535729344619,-57.559838528369546,standing
1420650389940,240.64817102446204,81.55829886768676,-57.52680916178107,standing
1420650389993,240.88567536091116,81.58889598388245,-57.71623810578071,standing
1420650390042,241.2374202819935,81.61727603811713,-58.00367195009297,standing
1420650390092,241.37441165647135,81.63435897471479,-58.110202768942756,standing
1420650390142,241.5128222339499,81.68797821571859,-58.25518458496778,standing
1420650390192,241.7478119824318,81.69557665136175,-58.47192899532934,standing
1420650390242,241.9842100299908,81.71886506825516,-58.67402736500927,standing
1420650390292,242.0153100836923,81.73311129758943,-58.687916761096155,standing
1420650390342,242.05885648407195,81.75304940322833,-58.71097083354549,standing
1420650390392,242.22104762826396,81.75486732143938,-58.82780554499909,standing
1420650390442,242.22104762826396,81.75486732143938,-58.82780554499909,standing
1420650390492,242.3229892887866,81.7401657468878,-58.90842847224511,standing
1420650390542,242.30661222034453,81.73877018657225,-58.87505469354372,standing
1420650390593,242.24742132508283,81.72361801787733,-58.81385946068374,standing
1420650390642,242.08807326703138,81.74093106065494,-58.68516577278348,standing
1420650390692,242.15723232788574,81.70847818615925,-58.75971661136538,standing
1420650390741,242.2725865209797,81.66892271698848,-58.83889317771813,standing
1420650390792,242.16809864965649,81.64793739746727,-58.695510792526754,standing
1420650390842,242.00277914215584,81.6457043088535,-58.484069082103474,standing
1420650390893,242.1358719006476,81.64540181553683,-58.561001540022104,standing
1420650390943,242.1116328330231,81.63485268240535,-58.49514103457879,standing
1420650390993,242.1116328330231,81.63485268240535,-58.49514103457879,standing
1420650391042,242.0209483790198,81.64182510795126,-58.39623419538561,standing
1420650391093,241.93035797079818,81.64952993567834,-58.32701433136367,standing
1420650391145,242.05645472680803,81.64437206958057,-58.456634703008156,standing
1420650391192,242.20991317706557,81.63762961609955,-58.6024194320578,standing
1420650391242,242.14105373448498,81.62839848579219,-58.51577194577713,standing
1420650391289,242.14673855526405,81.63370802802007,-58.494739421471294,standing
1420650391342,242.32091184602953,81.63714441007613,-58.65429962104411,standing
1420650391390,242.81238140375376,81.63977152252191,-59.10756418456238,standing
1420650391440,241.6501665122601,81.91858906972809,-58.06932084003634,standing
1420650391492,240.0025622421806,81.96740238909578,-56.53810915297249,standing
1420650391543,240.0025622421806,81.96740238909578,-56.53810915297249,standing
1420650391592,239.99606858083376,81.8623472720087,-56.47500608540281,standing
1420650391643,241.09296894163313,81.8239796878751,-57.567820717997684,standing
1420650391692,241.5260378925078,81.7908706731381,-57.9002395320868,standing
1420650391742,240.89549096256243,81.760443096317,-57.13781594708478,standing
1420650391792,240.64500021470394,81.79083430923528,-56.807773379194266,standing
1420650391842,240.73743500726042,81.79546826348661,-56.880238771389784,standing
1420650391892,240.45216427549582,81.80653592032053,-56.59869878590069,standing
1420650391942,240.3840294753319,81.87135842500666,-56.56484286832462,standing
1420650391992,240.82652947882403,81.87870953230663,-57.004003130998,standing
1420650392042,241.31861617559264,81.84244744202945,-57.4254431100028,standing
1420650392093,241.13323017787508,81.85949649400581,-57.20505063636999,standing
1420650392143,241.13323017787508,81.85949649400581,-57.20505063636999,standing
1420650392194,240.97788885714388,81.85008094492379,-57.04032584109983,standing
1420650392243,240.87449966416887,81.81987286919775,-56.97000892829398,standing
1420650392293,240.69130718178516,81.81965166828773,-56.84281190618649,standing
1420650392342,240.55554412489738,81.78807044202867,-56.74421647450451,standing
1420650392392,240.56214927985422,81.76574436447305,-56.76670448313907,standing
1420650392442,240.73406685639512,81.74514976382885,-56.927881971738614,standing
1420650392492,240.76504301699072,81.74548600203273,-56.9283827459327,standing
1420650392543,240.74616341473205,81.75456685127365,-56.89208183826351,standing
1420650392592,240.79365482276572,81.75482807274463,-56.95453731172513,standing
1420650392642,240.79365482276572,81.75482807274463,-56.95453731172513,standing
1420650392692,240.8951427153063,81.74713198782975,-57.0835133374524,standing
1420650392738,240.98848700801955,81.73004440991853,-57.23431853676365,standing
1420650392790,241.09414225555426,81.72808177118448,-57.39665483171802,standing
1420650392851,241.37180244092997,81.71443246208787,-57.69169636816767,standing
1420650392892,241.57186550554283,81.70803893629211,-57.916747755403904,standing
1420650392942,241.58583715506043,81.7291472158909,-57.97609317453938,standing
1420650392990,241.60121484628652,81.73842238088665,-58.06243464395093,standing
1420650393040,241.6789546504368,81.74615731753661,-58.19016767240192,standing
1420650393092,241.93081168233437,81.74552824977116,-58.4972170492858,standing
1420650393142,242.1174097884,81.76137099239193,-58.73678368850302,standing
1420650393192,242.1174097884,81.76137099239193,-58.73678368850302,standing
1420650393243,242.58255944573258,81.78495826012482,-59.21487189185233,standing
1420650393294,242.58255944573258,81.78495826012482,-59.21487189185233,standing
1420650393344,243.0048552187748,81.77094739912991,-59.553182351607965,standing
1420650393393,243.33761593637146,81.77566340767581,-59.807964045041054,standing
1420650393442,243.45107304809105,81.80164880908941,-59.90298906141343,standing
1420650393492,243.62573391459196,81.80541329317235,-60.04862445252822,standing
1420650393542,243.8108886288268,81.78250074539834,-60.18281682316953,standing
1420650393593,243.94351217579512,81.75666855100019,-60.2495101278173,standing
1420650393642,244.0399356461302,81.75341425400855,-60.2826697558839,standing
1420650393692,244.23290588403674,81.72241675752095,-60.442269560692274,standing
1420650393742,244.45794843384576,81.69448318389279,-60.622349421315185,standing
1420650393792,244.45794843384576,81.69448318389279,-60.622349421315185,standing
1420650393842,244.65245880654246,81.66535350774627,-60.778997801705806,standing
1420650393892,244.80709107706662,81.64447336806046,-60.92929692423239,standing
1420650393942,244.9228230351307,81.64192235643776,-61.05030019203452,standing
1420650393992,245.06445842175168,81.63427169049832,-61.22705558668323,standing
1420650394042,245.21175387503828,81.63071919226466,-61.396051978738555,standing
1420650394093,245.52354047919812,81.60912718463135,-61.73148975729427,standing
1420650394142,245.8905908461304,81.57991868980778,-62.10690032274144,standing
1420650394192,246.21265887972876,81.55784263586378,-62.44922869802385,standing
1420650394242,246.452150555208,81.54044987059713,-62.739294327674344,standing
1420650394291,246.6787071309894,81.54921784392016,-63.029222832523054,standing
1420650394342,246.886407353936,81.54005407946929,-63.229415684156535,standing
1420650394393,246.886407353936,81.54005407946929,-63.229415684156535,standing
1420650394442,247.224786946376,81.50433771379461,-63.52536366124416,standing
1420650394493,247.56610617791742,81.49887497034821,-63.87683843861122,standing
1420650394543,247.79601005196557,81.49002548129906,-64.09585134262517,standing
1420650394592,247.94566293105171,81.47715500531369,-64.20579489994182,standing
1420650394642,248.1880701351206,81.48033281993455,-64.39750538931688,standing
1420650394692,248.38144478814223,81.48162130616147,-64.56515202050525,standing
1420650394742,248.4351333507609,81.48683067632544,-64.58663904741627,standing
1420650394792,248.5175347687447,81.49665514766616,-64.65892890260754,standing
1420650394842,248.56278212776186,81.51319087166229,-64.66420408771027,standing
1420650394892,248.56278212776186,81.51319087166229,-64.66420408771027,standing
1420650394942,248.59060515217615,81.53309854984973,-64.68188620510051,standing
1420650394990,248.60013426322897,81.54770493105568,-64.70755411987165,standing
1420650395042,248.60292503096247,81.56461910648459,-64.7377416033693,standing
1420650395090,248.74557112624362,81.61546077999841,-64.92876830847078,standing
1420650395142,248.93176981013636,81.65630990150726,-65.19493072740488,standing
1420650395193,249.14307429934522,81.72560271050504,-65.51031536280034,standing
1420650395242,248.86867506094183,81.82499244579175,-65.38807788590135,standing
1420650395292,248.49416346792287,81.97484316512191,-65.2126391008581,standing
1420650395342,248.07316208182039,82.1319122493772,-65.04134417122661,standing
1420650395392,247.70832716941788,82.29107744592194,-64.93451454606792,standing
1420650395443,247.70832716941788,82.29107744592194,-64.93451454606792,standing
1420650395492,247.27617611811183,82.44837204067967,-64.76189578562236,standing
1420650395542,246.79602594898563,82.56894194560272,-64.4494516681298,standing
1420650395593,246.5341978940247,82.73882428925647,-64.33698959170509,standing
1420650395643,246.6267262363145,82.85907332573397,-64.48502819724642,standing
1420650395693,246.99515604435976,82.74191698768995,-64.82280128003659,standing
1420650395743,246.6270544063017,82.47062160339219,-65.39134953984643,standing
1420650395792,247.06443270052617,82.57717983281566,-67.1718112121002,standing
1420650395842,246.6268043246487,82.92130971499503,-67.99594408895038,standing
1420650395892,244.69029297807353,82.92876757444836,-67.16513639332246,standing
1420650395942,243.6481015374608,82.72545848126379,-67.02417206502773,standing
1420650395992,243.6481015374608,82.72545848126379,-67.02417206502773,standing
1420650396042,242.77478185005526,82.71744353621364,-67.34032081958111,standing
1420650396092,241.22047122025862,82.62480941071627,-66.83601592317108,standing
1420650396142,238.54190778896785,82.38959060429504,-65.15202011739426,standing
1420650396192,235.25839550085982,82.02474444512137,-63.02664559528685,standing
1420650396242,233.65768621321112,81.69021809723746,-62.44754268838031,standing
1420650396292,231.48734292444755,81.52159335770618,-61.538902648172815,standing
1420650396342,227.72751848966095,81.14913799195875,-59.06162836984027,standing
1420650396392,222.1914128264039,80.667328264903,-55.03273196217314,standing
1420650396442,216.78909351614405,80.48076573444044,-51.10311722959682,standing
1420650396492,210.1140320636427,79.97641641001462,-46.15650501268501,standing
1420650396542,210.1140320636427,79.97641641001462,-46.15650501268501,standing
1420650396592,204.46261758220297,79.47941139039803,-42.62360968980467,standing
1420650396643,201.29473900020955,79.2326780263776,-41.85525523345329,standing
1420650396693,199.7638234667026,78.72276119348966,-43.11743611008973,standing
1420650396743,198.34366258432595,78.63064551729528,-44.175362180430284,standing
1420650396793,196.5915345579845,78.66036942848096,-45.080528380211966,standing
1420650396843,193.94819511620727,78.12744721563048,-44.55970647161141,standing
1420650396892,190.59339107710548,77.84128556459751,-43.29232300269216,standing
1420650396942,186.60279832501834,78.00434724021531,-41.948750605460525,standing
1420650396996,181.9266003164953,78.29568217660996,-39.82824782008388,standing
1420650397042,178.0744131480241,78.69423091248967,-38.25897300960526,standing
1420650397093,179.15408095335223,79.54528876920863,-41.32840250483022,standing
1420650397142,179.15408095335223,79.54528876920863,-41.32840250483022,standing
1420650397193,181.3853132044203,80.25865860011005,-45.23831403470975,standing
1420650397242,181.87303769616582,80.79160913714831,-47.431421909975754,standing
1420650397293,180.73061458116817,81.34070483784762,-47.96483489313555,standing
1420650397342,180.55218597659598,81.91401338335085,-49.5502615291778,standing
1420650397393,180.41759466759393,82.24992153258376,-51.05650047359609,standing
1420650397442,181.2176382120053,82.72213019331888,-53.288683956655944,standing
1420650397493,181.5685275778855,83.21526641479429,-55.14604785755405,standing
1420650397542,180.40613380949995,83.6101520244274,-55.087730212702105,standing
1420650397592,180.98067353844635,84.10364189868812,-56.272765860506524,standing
1420650397642,181.03462091599746,84.39872525705147,-56.70975829023456,standing
1420650397693,181.03462091599746,84.39872525705147,-56.70975829023456,standing
1420650397743,179.855313120642,84.51771850743951,-55.905529340869194,standing
1420650397793,179.32584837851374,84.79372065790258,-56.1128005668796,standing
1420650397841,179.8773895966466,84.85989377596051,-57.5204650783895,standing
1420650397894,179.23156204013134,84.72646256960951,-57.80637530377515,standing
1420650397943,179.84894399319094,84.57376001761024,-59.38153626528643,standing
1420650397994,180.97700991038835,84.30144629688759,-61.35998692373842,standing
