1420783612434,220.78676567861535,85.89993014668111,35.514990098495204,-0.12277942895889282,0.22402667999267578,2.0549674034118652,-0.5285200476646423,10.001178741455078,2.697666883468628,running
1420783612484,239.68845427712694,84.18270472003137,21.22129384382908,0.4967702627182007,-1.5484428405761719,3.001810312271118,0.11611878126859665,8.200140953063965,3.997119665145874,running
1420783612535,248.12304643764608,81.86240338970467,14.349047754643154,0.23027823865413666,-2.348849296569824,3.378377914428711,-0.13587094843387604,7.349600791931152,4.784213542938232,running
1420783612585,255.36169550976547,78.98985131450479,10.887238471732394,0.009547561407089233,-2.919339179992676,3.8126983642578125,-0.35673606395721436,6.694188117980957,5.71436071395874,running
1420783612635,258.6777285813458,75.55865634133107,9.142493300514971,0.8104948997497559,-3.786116123199463,3.9230027198791504,0.4183867573738098,5.700594425201416,6.376357555389404,running
1420783612686,261.2700564955617,72.92233860389061,6.295281895925178,-0.00432780385017395,-3.7246456146240234,4.60521125793457,-0.304063618183136,5.641936302185059,7.494450092315674,running
1420783612736,266.9123964337336,71.38471291366534,2.591445052575594,-1.860183596611023,-4.845107078552246,4.326303482055664,-1.9716250896453857,4.449624061584473,7.451354026794434,running
1420783612786,273.7162741414806,70.44760531200419,-4.6561023665180965,-1.780914068222046,4.629338264465332,6.611071586608887,-1.425148606300354,13.8654203414917,9.888052940368652,running
1420783612836,284.108418559947,71.01491798458245,-14.442936973877021,-4.424377918243408,-5.729830265045166,0.23938965797424316,-3.5895068645477295,3.559579372406006,3.269282341003418,running
1420783612886,294.0312643632579,75.11567724189923,-19.294497868205813,-2.321202516555786,1.180978775024414,-2.43769907951355,-1.4826093912124634,10.682329177856445,-0.15921440720558167,running
1420783612937,294.165713278808,80.01995410150155,-20.18676476530506,-3.2715206146240234,2.0395126342773438,1.917678713798523,-2.7114334106445312,11.713631629943848,3.423708438873291,running
1420783612987,290.3780064815777,86.02437931057398,-17.539037874609203,2.7222580909729004,3.878920555114746,4.124749183654785,2.830544948577881,13.671490669250488,4.638765811920166,running
1420783613037,328.1194059612781,95.16000560624353,-58.3134538035862,4.7677178382873535,7.181192398071289,5.237360000610352,3.8804023265838623,16.92760467529297,4.612429618835449,running
1420783613087,307.031010709808,107.68590260794348,-37.91905024567353,-2.4572534561157227,8.803847312927246,4.301416397094727,-4.346673011779785,18.08699607849121,1.766920804977417,running
1420783613138,209.3493458263795,70.8538500475032,12.045509589430333,-1.1522259712219238,0.20343017578125,1.9720165729522705,-1.9051860570907593,9.473855972290039,5.080495834350586,running
1420783613188,194.76376132614362,70.0152620455246,21.923938644050825,5.688742637634277,-9.553799629211426,-2.7329092025756836,4.433463096618652,-0.35434186458587646,0.42377370595932007,running
1420783613238,200.01003660227934,67.70234649378465,12.181741291000435,2.254789352416992,-9.42005729675293,-4.878800868988037,1.5538369417190552,-0.35733461380004883,-1.1982979774475098,running
1420783613288,207.7908015198907,63.554270159783314,1.61335944614551,-3.192354679107666,-5.530087471008301,-7.5650434494018555,-3.2974143028259277,3.1896753311157227,-3.0789434909820557,running
1420783613338,212.35556962105127,54.22745515212591,-2.8801563850453458,-6.248105525970459,11.779438018798828,-2.93102765083313,-5.8885393142700195,19.612701416015625,2.958036184310913,running
1420783613388,215.81936879625886,41.121178883345,-8.131103700519203,0.7893096208572388,13.338716506958008,-2.294886589050293,1.9458874464035034,19.612701416015625,5.152920722961426,running
1420783613439,219.52583701692026,29.783476219466902,-8.393284146641188,7.023119926452637,8.641468048095703,7.128480911254883,8.198345184326172,13.394960403442383,15.62515926361084,running
1420783613489,224.3176560580593,26.206527500934687,-3.4563009281251444,2.332181215286255,-2.3055975437164307,-7.262925148010254,2.7892448902130127,2.0260932445526123,1.5233107805252075,running
1420783613539,269.33216640494203,71.33882805409992,-6.398754208977294,-1.584413766860962,-13.686546325683594,-8.319137573242188,-1.2599486112594604,-4.381389141082764,-5.24030876159668,running
1420783613589,274.7286552686449,75.3593053935536,-2.615587563419345,-2.958327054977417,-9.401552200317383,-3.324786901473999,-2.8341362476348877,0.11192893236875534,-0.9481038451194763,running
1420783613639,265.0630630197751,69.91324967181534,-2.1770293964275074,0.8709887862205505,-0.8299722671508789,2.6232669353485107,1.0743980407714844,8.390480041503906,5.95677375793457,running
1420783613690,268.5675681686237,69.464439553267,-12.88700391643293,0.5074982643127441,-8.309150695800781,-6.909939289093018,1.3527239561080933,0.8720879554748535,-3.5691561698913574,running
1420783613740,269.6595041541875,72.54890912400565,-14.190000646559518,-2.1580114364624023,10.25243091583252,3.526231050491333,-1.4951789379119873,19.612701416015625,6.3751606941223145,running
1420783613790,254.67217927737437,74.73895062429649,-1.8230151515878068,0.35019874572753906,5.8141984939575195,-1.1581666469573975,0.25498247146606445,15.325883865356445,1.2270283699035645,running
1420783613840,196.29616814663927,80.30815122987732,57.061308018319984,16.5823917388916,9.945669174194336,-0.04722762107849121,15.061923027038574,19.612701416015625,0.5907692909240723,running
1420783613890,317.35620073169724,106.00491932270688,-61.437543828268055,-6.632101058959961,7.025679588317871,2.6905298233032227,-9.090185165405273,16.40985870361328,1.2533645629882812,running
1420783613941,312.53691529990664,112.05198581004493,-58.760971510099345,4.41495418548584,-9.06131362915039,3.548539638519287,1.2030863761901855,0.005386953707784414,1.6382324695587158,running
1420783613991,311.4038386129774,110.26255376918313,-64.63602443171726,7.452664375305176,-7.626147747039795,2.062960624694824,4.4825439453125,1.6154875755310059,0.6697779297828674,running
1420783614041,244.02678071373705,80.27833597539448,-26.796184593988222,-3.346515417098999,-8.6011323928833,-6.957963466644287,-2.558204412460327,1.037886381149292,-5.333683013916016,running
1420783614091,234.41361844393336,67.99795070737201,-19.042991980258247,-10.204118728637695,9.167532920837402,5.003437042236328,-8.89445972442627,18.136077880859375,8.747814178466797,running
1420783614141,233.073322667668,50.655687264966716,-22.90089670043693,2.5515949726104736,12.20370864868164,5.123495101928711,5.0918684005737305,19.612701416015625,11.024700164794922,running
1420783614192,231.1903108748505,36.42372218951073,-20.565672179308216,8.759057998657227,1.146425724029541,7.131532669067383,11.46523380279541,6.876147270202637,14.616003036499023,running
1420783614242,278.4956266145023,69.09766185426108,-20.038292043976554,-2.1045892238616943,-11.929856300354004,-9.333192825317383,-0.8972271084785461,-2.779069662094116,-6.0202202796936035,running
1420783614292,296.72581553084996,72.1099709890438,-19.57060187684304,-3.506814956665039,-16.421588897705078,-9.08375072479248,-2.500145196914673,-7.065887928009033,-6.321889400482178,running
1420783614342,280.00845924763837,67.54959403504105,-6.754266555453433,-3.9883880615234375,-4.398789405822754,4.924065589904785,-3.4847605228424072,4.698620796203613,8.550890922546387,running
1420783614392,285.81599592677384,69.29759866152612,-17.31855009739575,2.1436891555786133,-4.700167179107666,-4.949272155761719,3.2184057235717773,4.455010890960693,-1.602918028831482,running
1420783614443,290.1457557820844,70.37107332555108,-26.538468080379214,-17.19666862487793,10.323164939880371,-12.34793472290039,-15.713744163513184,19.612701416015625,-9.577404975891113,running
1420783614493,289.49043353273345,73.98216704651992,-26.227744832234954,1.5319792032241821,-9.422369003295898,1.794931173324585,2.6114754676818848,0.05985504388809204,4.05158805847168,running
1420783614543,207.96185277312725,83.58442351738653,56.46367441382368,-11.652915000915527,1.6578130722045898,0.117919921875,-13.063363075256348,10.945093154907227,2.93349552154541,running
1420783614593,219.70066493571895,70.5687145096227,23.181124045967522,0.8889845609664917,-9.9729642868042,-1.5212938785552979,-1.6124948263168335,-0.690727174282074,0.4159925580024719,running
1420783614643,192.26583119891285,71.40116353487412,50.5599965462723,4.196385383605957,-6.309065341949463,0.610755205154419,1.7028759717941284,2.9520506858825684,2.6563668251037598,running
1420783614694,185.9530536586646,70.64435900977962,52.12493410960193,1.4200096130371094,-8.508304595947266,-4.986332416534424,-0.707486629486084,0.6763619780540466,-2.2870612144470215,running
1420783614744,195.30618707879762,69.86850101633979,39.37213204865599,0.33381080627441406,-5.700002670288086,-8.973576545715332,-1.0791864395141602,3.793612480163574,-6.962338447570801,running
1420783614794,200.0047421291571,76.57872228813844,38.67073904961935,-5.2129950523376465,10.70546817779541,0.2780609130859375,-5.762843608856201,19.612701416015625,4.343680381774902,running
1420783614844,224.6255847289199,66.44711921725711,9.919681748722503,2.7239999771118164,11.776002883911133,3.7328224182128906,3.5494039058685303,19.612701416015625,9.570222854614258,running
1420783614894,235.69904406147802,54.43639448786508,-7.088932897688048,6.589136600494385,-4.128969192504883,3.6082520484924316,6.411672115325928,5.189432144165039,6.658873558044434,running
1420783614945,255.2999995615885,72.02018428769752,3.86325127007343,-0.7965317964553833,-16.75263786315918,-9.304624557495117,-1.1905168294906616,-7.267000675201416,-6.847416877746582,running
1420783614995,267.4227640876298,75.34472019241075,9.144978737256002,-1.4552905559539795,-13.258068084716797,-6.5120344161987305,-2.2589292526245117,-3.642777919769287,-4.759673118591309,running
1420783615045,262.41551760691885,78.16535383503657,23.367765645148584,-2.3395800590515137,0.4393739700317383,4.111030101776123,-3.5021185874938965,9.871891975402832,6.528987884521484,running
1420783615096,257.8144079874886,73.54778225646056,25.322185333172083,0.21539628505706787,-9.314581871032715,-9.628890991210938,-1.1647791862487793,0.3208230137825012,-8.435371398925781,running
1420783615146,233.33559201118015,79.44765759282696,51.759456746807444,7.674675941467285,7.09892463684082,4.114827632904053,6.5283894538879395,16.771982192993164,5.249885559082031,running
1420783615196,235.74026493137674,80.57977565539925,44.73489286791286,-0.8765072822570801,2.692042350769043,-1.7420763969421387,-1.4311341047286987,12.433089256286621,-0.7547720670700073,running
1420783615247,262.19105575605045,82.60468699031897,13.513591244441201,10.4273681640625,10.189257621765137,2.7631466388702393,8.178592681884766,19.612701416015625,1.2425906658172607,running
1420783615297,337.26559457009245,104.8736031220053,-60.672427239576464,-1.3182995319366455,-6.493897438049316,1.498960018157959,-4.321534156799316,2.3080103397369385,-1.611896276473999,running
1420783615347,322.15438343866475,115.2374784716948,-43.69695503155905,7.065743446350098,-6.503578186035156,1.6071394681930542,3.421314239501953,1.9716250896453857,-1.7184382677078247,running
1420783615397,322.7618627231646,120.39977142749935,-47.19774116749833,4.625998497009277,-7.712377071380615,4.524233818054199,1.4850035905838013,1.1294646263122559,1.6735470294952393,running
1420783615447,193.26244890351268,96.42070904113888,60.44196055924799,0.37868547439575195,-5.374711990356445,-8.475074768066406,1.3162124156951904,4.381987571716309,-8.7885160446167,running
1420783615498,283.52881824576394,76.92814313199507,-39.554703296029665,-11.952845573425293,10.125008583068848,-0.2450648546218872,-10.429740905761719,19.612701416015625,1.7130513191223145,running
1420783615548,261.847846376656,60.37018514660781,-34.29416957881234,8.613540649414062,11.246362686157227,7.674137115478516,11.493365287780762,19.612701416015625,11.9027738571167,running
1420783615598,302.50966123005674,78.12137357481194,-25.070014625067962,0.23456692695617676,-3.930100440979004,5.07507848739624,1.183334231376648,5.6455278396606445,6.966528415679932,running
1420783615648,338.84588874053406,82.39222588301926,-43.12527059256921,-1.289809226989746,-15.815521240234375,-8.816939353942871,-0.3878606855869293,-6.101024627685547,-7.824251174926758,running
1420783615698,219.54506433789226,94.8401122786087,85.8696816886615,-1.7823145389556885,-16.035404205322266,-6.471556186676025,-0.9702502489089966,-6.263830184936523,-6.636727333068848,running
1420783615749,324.48712527261534,84.1870191275785,-22.93651964563563,-2.2645363807678223,2.202960968017578,5.576115608215332,-1.8698714971542358,11.97100830078125,6.350619792938232,running
1420783615799,285.33369745562226,92.50108082860746,16.65681835925964,-1.7283631563186646,-10.968993186950684,-7.488837718963623,-1.5867571830749512,-1.1683704853057861,-7.802104949951172,running
1420783615849,17.60674741954815,78.57900514263497,-80.05742488326028,9.310540199279785,-0.8145513534545898,3.918468475341797,11.268908500671387,8.789712905883789,4.223970413208008,running
1420783615899,23.97341622201382,78.78510825425366,-89.51310133470902,0.36724042892456055,0.6723384857177734,-1.5437874794006348,2.011129379272461,10.337564468383789,-1.7705121040344238,running
1420783615950,297.46639066775367,103.89960317034868,-1.730703341461067,5.636051177978516,10.164977073669434,1.13315749168396,5.540781497955322,19.612701416015625,-1.4939818382263184,running
1420783616000,205.550809383183,98.75472541428762,76.9024075558445,-5.524559020996094,-5.226003170013428,-0.8765888214111328,-4.177882194519043,4.477157115936279,-1.3299790620803833,running
1420783616050,240.25270888371193,96.7025611004747,37.01908812140755,0.7100599408149719,-7.628872871398926,-2.1875267028808594,1.389235496520996,2.1140801906585693,-3.072957992553711,running
1420783616100,203.70882807982943,97.51381743863988,68.20882328099216,2.420240879058838,-8.591870307922363,-0.8751479387283325,3.666719913482666,1.127070426940918,-1.2737152576446533,running
1420783616150,203.70882807982943,97.51381743863988,68.20882328099216,2.420240879058838,-8.591870307922363,-0.8751479387283325,3.666719913482666,1.127070426940918,-1.2737152576446533,running
1420783616201,204.93607846219743,101.28859486292758,82.17598086537076,-12.549674987792969,10.01334285736084,6.032233715057373,-10.54406452178955,19.612701416015625,6.017227649688721,running
1420783616251,339.90071548814046,67.41127780639859,-58.02800652220985,5.4373064041137695,10.66741943359375,8.457231521606445,8.776544570922852,19.612701416015625,10.69370174407959,running
1420783616301,337.68400220411394,77.12837475009812,-43.053664856936145,2.8660314083099365,-5.628493785858154,8.207337379455566,4.43705415725708,3.907935619354248,9.868300437927246,running
1420783616351,20.114692583734637,79.74103473782252,-69.7323301088628,-1.7555410861968994,-16.249038696289062,-8.796656608581543,-0.10055647045373917,-6.605602264404297,-8.13669490814209,running
1420783616401,246.89510711947648,99.65333139806778,71.20555727940399,-2.9372549057006836,-14.980045318603516,-6.204293251037598,-1.3880383968353271,-5.317522048950195,-6.841431140899658,running
1420783616452,38.63634763692026,84.26051706289059,-82.02046132332393,-2.70884370803833,3.5373611450195312,3.629441499710083,-1.7417817115783691,13.296198844909668,3.6128504276275635,running
1420783616502,227.5175098436126,95.47607616714905,86.67009705682662,1.5005381107330322,-10.793450355529785,-4.274318218231201,2.433107376098633,-1.0313023328781128,-4.240131378173828,running
1420783616552,32.59179441261891,84.23183495264318,-84.13182373629866,3.2519302368164062,9.854948997497559,19.489057540893555,4.222174644470215,19.612701416015625,19.612701416015625,running
1420783616602,244.51421515331788,96.28999104426524,58.657386790397275,-1.5044479370117188,-8.666999816894531,-0.6913853287696838,-0.74040687084198,1.0767922401428223,-1.4945803880691528,running
1420783616652,329.2960637343839,107.51839210692877,-29.809415788932466,17.24436378479004,10.375027656555176,10.830039024353027,15.561712265014648,19.612701416015625,8.000823974609375,running
1420783616703,296.5454407279951,74.83489259769915,-25.487049305730196,-13.61634635925293,-0.7415771484375,-1.0799247026443481,-12.670714378356934,8.771158218383789,1.1073182821273804,running
1420783616753,262.6513008482841,82.08904465200963,3.907300619219367,3.4023666381835938,-11.400420188903809,-3.960757255554199,3.2142157554626465,-1.6819267272949219,-2.6623523235321045,running
1420783616803,256.8892134909385,80.7478069964105,2.0543155392882504,0.741396427154541,-8.165184020996094,2.00702166557312,0.7589619159698486,1.50355863571167,3.64577054977417,running
1420783616853,251.5576224496649,74.8780326059089,-5.412065052741033,1.5194202661514282,-6.525967597961426,-4.608739376068115,1.7459715604782104,2.896385431289673,-1.8997989892959595,running
1420783616903,240.76354747584273,63.205680737989354,-0.6949351184821778,-2.010728597640991,10.07222843170166,0.5967211723327637,-1.9171570539474487,18.716670989990234,5.2265424728393555,running
1420783616954,236.28958742253246,48.424675128442274,-6.4380990067160155,-3.29331111907959,12.457469940185547,-2.4210195541381836,-2.4821887016296387,19.612701416015625,4.235941410064697,running
1420783617004,305.84576315125224,69.53386845743033,-15.45925990821391,2.622072696685791,-1.618666172027588,9.12234115600586,3.626018524169922,7.510012149810791,12.56177806854248,running
1420783617054,325.3509005433644,63.869442554535745,-19.526236274540597,-0.4151456356048584,-8.976537704467773,-9.004742622375488,1.0336965322494507,-0.19632454216480255,-4.884171485900879,running
1420783617104,348.92317557305216,76.46669787408321,-26.968877328762773,-2.5328187942504883,-20.821563720703125,-9.967473030090332,-1.522712230682373,-11.280281066894531,-7.939172744750977,running
1420783617154,1.1862701968152423,81.66616973137049,-32.29603970698596,-4.549664497375488,-7.232618808746338,0.6829822063446045,-3.8091750144958496,2.4899697303771973,1.7286136150360107,running
1420783617205,46.99520345042444,86.2008370087862,-79.24416038235701,-3.7188706398010254,9.827713966369629,7.719974040985107,-3.0837318897247314,19.612701416015625,7.864952564239502,running
1420783617255,8.62655553690801,83.46889162525486,-43.37420999281795,-10.959810256958008,9.87081527709961,-2.7087836265563965,-10.177751541137695,19.612701416015625,-1.8997989892959595,running
1420783617305,279.5425548567026,75.53454745434132,32.759264964718206,3.3750481605529785,-21.902244567871094,-2.8535754680633545,1.9979612827301025,-12.401366233825684,-0.8517372608184814,running
1420783617355,224.4344002150934,71.73922470340838,80.7908746393513,20.574399948120117,10.371550559997559,17.964256286621094,17.307085037231445,19.612701416015625,18.274343490600586,running
1420783617405,296.4329429196731,72.07325406940085,-4.102896243494829,-6.87053918838501,6.278016090393066,-3.369386911392212,-6.886921405792236,15.670648574829102,-0.5500678420066833,running
1420783617456,268.88147915167247,72.09059279653165,9.236590862657499,-5.030272006988525,-7.289373874664307,-2.4999403953552246,-5.641936302185059,2.0632033348083496,0.38546648621559143,running
1420783617506,252.85948376301977,71.88277461081717,18.877642964821753,4.196240425109863,-5.699753284454346,-3.377258539199829,3.271676540374756,3.6074633598327637,-0.4291606545448303,running
1420783617556,248.47873314909953,68.29379547503291,7.596049237882841,2.9873502254486084,-7.578250885009766,-6.473255157470703,2.499546527862549,1.4879963397979736,-2.7670986652374268,running
1420783617606,319.0244222193598,81.80872935455399,-15.437690257956593,0.2058180272579193,-1.0959129333496094,-6.9256391525268555,0.578798234462738,8.575431823730469,-5.345654010772705,running
1420783617656,314.9320461179545,65.70686708492019,-16.74121579440882,2.261474370956421,12.469888687133789,-1.4320130348205566,4.469974517822266,19.612701416015625,4.914099216461182,running
1420783617707,317.67029113715444,48.24998087103341,-19.618022137066184,-0.22406959533691406,-2.042609691619873,-4.323451042175293,1.6603789329528809,4.0749311447143555,3.1058781147003174,running
1420783617757,332.8145364108971,38.914329574829914,-14.837115891022888,-1.486648678779602,-20.956035614013672,-11.640925407409668,-1.9674352407455444,-11.24795913696289,-10.339958190917969,running
1420783617807,322.3603134174808,81.81047929574952,20.783072407259187,-2.3215887546539307,-8.55395221710205,-3.37811279296875,-2.941276788711548,1.2156559228897095,-2.7940332889556885,running
1420783617857,311.2399826733638,84.53040498402525,39.6096394735317,-7.096199035644531,9.860177993774414,11.466919898986816,-8.122329711914062,19.612701416015625,11.391013145446777,running
1420783617908,71.25221659196545,95.96834493580947,-82.93842653257292,-3.593543529510498,9.86091423034668,-20.154905319213867,-4.476558685302734,19.612701416015625,-19.613300323486328,running
1420783617958,288.4331151293757,83.6069880477048,56.62724692665814,2.9883620738983154,-25.36896514892578,4.2595038414001465,0.7230489253997803,-15.828067779541016,4.159327030181885,running
1420783618008,66.43546550521896,102.82747614208142,-88.55028008711649,18.176403045654297,11.058480262756348,20.38800811767578,13.79179859161377,19.612701416015625,18.44612693786621,running
1420783618058,37.05099787181729,116.92413522087114,-66.67078663626901,-14.695812225341797,2.2127561569213867,10.06068229675293,-19.613300323486328,9.474454879760742,5.672462463378906,running
1420783618109,20.99577591718437,131.06188397012102,-49.97690898979924,8.146760940551758,-7.658371925354004,4.965888023376465,2.7976245880126953,-1.5005658864974976,-0.47824180126190186,running
1420783618160,16.100377293018425,140.42320753999655,-44.17249248785748,7.618447303771973,-4.385344982147217,9.55533218383789,2.1320366859436035,1.9961656332015991,4.520851135253906,running
1420783618210,18.73204911926165,140.00932822619166,-47.43452671584701,8.842145919799805,-4.918608665466309,4.487242698669434,4.016273498535156,2.273294448852539,-0.11252748221158981,running
1420783618260,19.76530501002113,133.6371667481578,-46.35182192846732,0.018429279327392578,11.469918251037598,5.998841285705566,-4.289810657501221,19.612701416015625,2.6366145610809326,running
1420783618311,29.131246173296585,125.18080860909718,-51.08654828172821,2.1733179092407227,10.238832473754883,6.600959300994873,-0.4291606545448303,19.612701416015625,5.364807605743408,running
1420783618361,47.78075087834673,109.045947527525,-62.181013335426705,6.879729270935059,-7.334627628326416,7.827744483947754,6.82167911529541,1.655590534210205,11.744756698608398,running
1420783618412,354.61132859104197,67.24652169525336,1.798979818717793,-1.9257383346557617,-12.22152042388916,-11.231114387512207,-2.3026235103607178,-2.871845006942749,-8.296507835388184,running
1420783618463,352.7588721388965,75.84479913251559,17.382811495596776,-0.39607107639312744,-17.120059967041016,-8.579692840576172,-1.12467622756958,-7.595006465911865,-6.363189697265625,running
1420783618513,342.37944192321373,82.0356033654202,33.5762919344266,-2.987602472305298,-5.295943737030029,0.01971369981765747,-3.751713991165161,4.432265758514404,0.993593692779541,running
1420783618563,317.8221914254909,83.3751634044042,54.40966785932457,-3.3177080154418945,8.438393592834473,3.6054961681365967,-4.210203647613525,18.174983978271484,4.3622355461120605,running
1420783618614,335.9578425730871,83.87317657438444,32.19014140279522,-3.195082902908325,9.853890419006348,0.4977940320968628,-3.797802448272705,19.612701416015625,1.2545616626739502,running
1420783618664,306.2694534440734,80.6682805674559,53.69554937965987,0.6268388032913208,-28.115802764892578,1.5657001733779907,-0.7511807680130005,-18.433557510375977,2.2906525135040283,running
1420783618714,56.787012976366974,110.87782943092145,-63.94175439807712,22.975332260131836,10.601457595825195,2.974487066268921,19.612701416015625,19.612701416015625,1.061229944229126,running
1420783618765,319.76613373733744,79.46047653202449,37.47849052255293,-13.591584205627441,-1.9573493003845215,-5.298611164093018,-14.81771469116211,7.688978672027588,-4.027645587921143,running
1420783618815,288.6025239061529,76.68338146058709,69.89856582663438,6.561241149902344,-11.272780418395996,-2.376232385635376,4.440047264099121,-1.7298107147216797,-1.5999252796173096,running
1420783618865,54.938845732507595,81.38956071090716,-32.21111203708367,5.772515773773193,-8.565804481506348,-1.0225658416748047,6.605003833770752,1.1139023303985596,0.31184476613998413,running
1420783618916,296.713919843516,97.96353392741374,86.47220119497993,2.250112771987915,-4.740610122680664,-6.913385391235352,3.579331636428833,4.973954200744629,-6.737882137298584,running
1420783618966,64.57176386559681,72.34985727153763,-33.938980816744795,-8.973953247070312,10.38348388671875,3.005575180053711,-7.18320369720459,19.612701416015625,5.795763969421387,running
1420783619017,75.52216856834366,52.820647528572394,-28.678958595138383,6.959596633911133,11.993484497070312,2.003857135772705,9.896432876586914,19.612701416015625,7.434594631195068,running
1420783619067,52.504659746401565,74.71986391182689,-25.857773373866387,-0.8031731843948364,-6.8300676345825195,5.106011867523193,0.4124012291431427,2.6007015705108643,7.50462532043457,running
1420783619117,91.9916960474859,79.97355548396179,-62.19382399144892,-0.4901726245880127,-18.952102661132812,-12.667330741882324,1.07379949092865,-9.304466247558594,-11.8626708984375,running
1420783619168,317.74659591370863,97.99990889257673,75.37012588702096,-2.6797103881835938,-11.758898735046387,-5.6635661125183105,-1.3557167053222656,-2.054224967956543,-6.1501054763793945,running
1420783619218,4.6123754557270855,101.8117279880513,28.23434162212525,-8.730581283569336,10.019241333007812,12.678069114685059,-7.859565734863281,19.612701416015625,10.840346336364746,running
1420783619268,97.54086654372489,85.77714789048103,-65.33694511847801,4.8470587730407715,-7.884331226348877,-6.785588264465332,5.5563435554504395,1.890222191810608,-6.431424140930176,running
1420783619319,90.57100662614269,83.59017194720788,-63.093819541373875,-0.0797194242477417,-19.62886619567871,0.03151577711105347,0.8146271109580994,-9.879075050354004,0.5901707410812378,running
1420783619369,36.54535446568716,99.70861075822084,-16.055514646689797,6.228567123413086,9.999336242675781,14.644845008850098,5.4911017417907715,19.612701416015625,12.853271484375,running
1420783619420,39.978533978882346,117.44609611548611,-23.34040078021844,-6.990139007568359,7.467096328735352,10.203248023986816,-8.752602577209473,16.047136306762695,5.793369770050049,running
1420783619470,39.25522353677586,128.31529742421642,-19.177639632132614,-1.5008947849273682,-7.247880935668945,7.5538835525512695,-3.5835213661193848,0.3663128614425659,1.73519766330719,running
1420783619520,44.98946988703686,130.53497271609342,-22.71665258353842,5.565972328186035,-4.330118179321289,7.219980239868164,3.114856481552124,3.1651346683502197,1.390432596206665,running
1420783619571,43.85831236384339,125.90875020788883,-19.00259657530411,4.900022506713867,-8.269953727722168,3.4189388751983643,3.095104217529297,-0.2645592987537384,-1.9500772953033447,running
1420783619621,37.080181105322644,83.43388609585108,8.16500293307967,-3.4106433391571045,1.8016891479492188,-7.754104137420654,-3.554192304611206,11.513715744018555,-6.402693748474121,running
1420783619671,65.52904982376282,68.59071224649625,-11.602420918198238,-6.759210109710693,10.601487159729004,2.05020809173584,-5.935824394226074,19.612701416015625,5.830479621887207,running
1420783619722,80.76916568604013,51.3851691973344,-16.791545980256522,3.119473457336426,9.193737983703613,3.9817399978637695,4.911705017089844,16.693571090698242,10.04068374633789,running
1420783619772,81.94662739289453,43.50854381678601,-14.02184246951449,-1.4187909364700317,-4.344476699829102,-2.362788200378418,0.28730419278144836,2.367266893386841,4.580706596374512,running
1420783619822,32.5970104969216,79.02251535612706,7.381140300895215,-0.5340405702590942,-18.532779693603516,-11.203804969787598,-0.7715315222740173,-8.901641845703125,-9.372102737426758,running
1420783619873,26.850660540432767,83.04731620953987,15.006123046117516,-2.5733401775360107,-9.826028823852539,-3.699061393737793,-2.87064790725708,-0.07541735470294952,-2.695272445678711,running
1420783619923,126.97370034498562,91.10216149536382,-85.67873929918147,-1.4558651447296143,9.80761432647705,8.885668754577637,-1.6250643730163574,19.612701416015625,8.84058952331543,running
1420783619973,12.289221841269452,80.4711460878818,29.266674534498094,1.7320060729980469,-24.188331604003906,-8.785469055175781,1.0199298858642578,-14.514248847961426,-7.344812393188477,running
1420783620024,12.381395915446767,81.33691398667006,24.66516263385696,4.4548115730285645,-12.220128059387207,-0.1281946897506714,3.802590847015381,-2.5306711196899414,1.235408067703247,running
1420783620074,109.81076188655703,100.20665701333706,-80.89192347534446,-0.008505940437316895,6.558008193969727,8.39593505859375,-1.9991583824157715,16.147693634033203,7.900267124176025,running
1420783620124,22.059090554564367,74.1039560165497,20.089976552503394,-3.5732545852661133,5.944772720336914,1.255075454711914,-4.553173065185547,15.437812805175781,3.511695384979248,running
1420783620174,330.54462803494874,77.89440394361509,71.02461244971744,-2.0230624675750732,-6.813867568969727,0.07715165615081787,-4.067748546600342,2.759916067123413,0.6536170840263367,running
1420783620225,330.08597192232696,75.32561885569045,78.69144232910516,5.431772232055664,-7.713945388793945,1.7883436679840088,3.0585925579071045,1.7854759693145752,2.3355438709259033,running
1420783620275,359.0365097425296,77.41979868281614,56.91778209645262,5.749831676483154,-8.999005317687988,-1.6764295101165771,3.9905357360839844,0.5674257874488831,-0.4279635548591614,running
1420783620325,43.442479495988344,82.1477450214415,17.618437777926758,-4.117530345916748,10.540904998779297,0.8468949794769287,-4.0312371253967285,19.612701416015625,4.570530891418457,running
1420783620375,68.90714858231053,69.29872896029792,0.38142121150764685,3.8952388763427734,11.930133819580078,-0.6060914993286133,5.400122165679932,19.612701416015625,5.300164222717285,running
1420783620426,93.63753415913943,53.27263563143133,-13.870294015992851,1.7423714399337769,-7.963197231292725,3.972118854522705,2.0829553604125977,1.4844050407409668,6.57926607131958,running
1420783620476,64.59244797594005,74.54212169167384,-5.995957014143207,-0.4268573522567749,-18.344385147094727,-10.26307487487793,-0.14185644686222076,-8.671798706054688,-8.672396659851074,running
1420783620526,65.97890142463612,80.50642534112812,-10.612731541559628,-3.3989062309265137,-11.463749885559082,-5.2878923416137695,-3.270479440689087,-1.7046716213226318,-4.331709384918213,running
1420783620576,63.63862495865716,83.68772995506404,-7.009036041369354,0.01221737265586853,2.7601938247680664,0.8947899341583252,-0.3387795388698578,12.524667739868164,1.732803463935852,running
1420783620626,38.24084158305601,84.27881590078134,19.052974340157547,2.89056658744812,-14.700992584228516,-6.842911243438721,3.267486810684204,-4.909909248352051,-7.246650218963623,running
1420783620677,19.37460494841517,93.53656837469016,33.65222472953222,3.454104423522949,-0.07758045196533203,5.4028143882751465,4.58968448638916,9.627683639526367,6.232705593109131,running
1420783620727,111.5956115844824,81.94309301359802,-55.84588075704875,0.5149771571159363,6.5173797607421875,2.8539748191833496,1.2844891548156738,16.25064468383789,3.7714662551879883,running
1420783620777,96.74009096609885,80.89303423578252,-41.98730150488985,6.412563323974609,10.050318717956543,3.5598983764648438,5.2031989097595215,19.612701416015625,1.7519570589065552,running
1420783620827,79.12197578612957,101.19779368706818,-36.629331398158904,-3.228813409805298,-4.314975261688232,-3.03109073638916,-2.3133974075317383,5.433042049407959,-2.47560453414917,running
1420783620877,122.1711293752604,82.7813416296639,-56.64496582866323,3.6294798851013184,-6.655500888824463,-1.2347207069396973,5.377377033233643,2.9759926795959473,-0.6434416770935059,running
1420783620928,148.4002430557977,79.36327284710184,-72.2139013603462,-1.2200438976287842,-8.466066360473633,-0.605334997177124,1.217451572418213,0.9660604000091553,0.518943190574646,running
1420783620978,146.03008204104188,74.52862235348918,-66.72688392906531,-1.7607440948486328,-6.53413200378418,-2.7085964679718018,0.5710170865058899,2.6844985485076904,-0.3106476664543152,running
1420783621028,130.9272581262431,70.66848505496063,-46.901850762313835,-7.179989337921143,11.108662605285645,-2.399475574493408,-4.67946720123291,19.612701416015625,1.7956513166427612,running
1420783621078,118.2246070520785,61.50857169335825,-31.0851065992716,-1.9929887056350708,13.07149887084961,0.9468231201171875,1.4131776094436646,19.612701416015625,7.4106526374816895,running
1420783621128,104.98373186523399,71.95722904791084,-29.929493311363835,5.724655628204346,-4.3672051429748535,9.81192398071289,7.30650520324707,4.914099216461182,12.555193901062012,running
1420783621179,114.26242954033447,72.92372252283317,-43.642666417980976,1.2542431354522705,-11.147862434387207,-6.955205917358398,3.271078109741211,-1.790264368057251,-4.824914932250977,running
1420783621229,122.25853973861801,80.76724127270813,-55.84130247182172,-7.454719543457031,-18.100658416748047,-10.093491554260254,-6.1530985832214355,-8.416815757751465,-9.257181167602539,running
1420783621279,94.45616064741823,79.00502530695987,-20.169055122806732,-3.744096279144287,-4.532035827636719,3.9487338066101074,-3.0825347900390625,5.119401931762695,5.5557451248168945,running
1420783621329,105.11014590963272,79.33804740664166,-30.752465784388804,1.6227397918701172,1.6736688613891602,-0.8670321106910706,2.558803081512451,11.293449401855469,0.7924807667732239,running
1420783621379,110.02253969490405,77.07217178133368,-36.82882164200042,-11.88722038269043,10.027027130126953,-16.303071975708008,-10.563218116760254,19.612701416015625,-14.711771011352539,running
1420783621430,83.59824199700503,100.97619330409482,-35.00540424370207,-0.9166841506958008,-16.047134399414062,-2.8365142345428467,-2.0865468978881836,-6.458359241485596,-4.52683687210083,running
1420783621480,75.17397316130605,116.97767187419859,-42.47194435186919,16.32965850830078,11.03557014465332,20.797725677490234,13.090896606445312,19.612701416015625,17.3172607421875,running
1420783621530,62.73799980263141,132.10927493354882,-32.03719806550007,-12.772126197814941,3.670895576477051,10.619552612304688,-16.23268699645996,10.788871765136719,4.829104900360107,running
1420783621580,62.08940435296042,142.38357209542175,-28.939592714669054,3.0063207149505615,-4.6291584968566895,6.941035270690918,-0.8349778652191162,1.247977614402771,0.09457096457481384,running
1420783621630,76.95607711355953,79.41293537282318,14.949216146472702,6.065248012542725,-8.380755424499512,-0.22215485572814941,5.656899929046631,1.2527660131454468,1.566406488418579,running
1420783621681,94.56680446274389,75.37654234806001,1.8446533249121295,1.230026364326477,-6.746996879577637,-2.7842612266540527,1.157596468925476,2.7066450119018555,-0.1777694821357727,running
1420783621731,65.63677612117624,81.48733026573674,27.215513062084643,-2.67033052444458,5.2808332443237305,-1.5480544567108154,-3.3051953315734863,14.950592041015625,-0.04369417950510979,running
1420783621781,103.7401201037383,68.16574965331266,-2.8798155468881195,-5.227567672729492,10.630239486694336,-0.9187870025634766,-4.940435409545898,19.612701416015625,3.005920171737671,running
1420783621831,117.8955677157481,53.675462445699836,-10.33157672496634,4.960224151611328,6.381230354309082,4.0536274909973145,6.035183906555176,14.16828727722168,9.916783332824707,running
1420783621881,122.53406218655627,47.60495974707158,-10.423487590044951,0.5550661087036133,-6.053235054016113,-4.609653949737549,1.7363947629928589,1.1743559837341309,1.912368655204773,running
1420783621932,63.94327546198691,81.63061919293133,19.04912515151835,-2.1791839599609375,-21.209102630615234,-10.877790451049805,-2.6414029598236084,-11.505335807800293,-9.53849983215332,running
1420783621982,43.41245391501522,84.32925970673573,38.163714997530484,-0.13156098127365112,-9.501203536987305,-0.928114652633667,-0.7511807680130005,0.2663549482822418,-0.3106476664543152,running
1420783622032,142.89974130208915,94.87547992232618,-68.62028499397957,-1.754103422164917,9.55272102355957,3.781864643096924,-2.5324668884277344,19.3236026763916,3.4745852947235107,running
1420783622082,7.751807019194224,84.43584408856603,72.07102463149953,0.4671364724636078,-13.45788860321045,-7.739284515380859,-0.40521863102912903,-3.6978445053100586,-7.350797653198242,running
1420783622132,97.31628872753912,80.32463717495017,-7.916128915024608,6.1836323738098145,2.9971933364868164,7.817853927612305,6.441000938415527,12.658143997192383,9.4822359085083,running
1420783622183,80.59886099959496,81.8128051348349,4.558533300689666,-1.842689871788025,5.131595611572266,-0.5322449207305908,-2.229600429534912,14.861408233642578,0.6302735805511475,running
1420783622233,139.9404475773198,103.40023619508945,-70.20842158950101,15.80560302734375,10.120133399963379,3.0016565322875977,13.576919555664062,19.612701416015625,1.955464243888855,running
1420783622283,129.3958242546072,81.54627052035103,-32.72035992375035,-5.577889919281006,-4.90836763381958,-1.1202776432037354,-4.924274444580078,4.817732334136963,-0.04967968538403511,running
1420783622333,83.10368304831212,87.81967856174194,16.723883701458703,3.90168833732605,-11.200660705566406,-2.226519823074341,3.7684733867645264,-1.4012064933776855,-1.875258445739746,running
1420783622383,129.79032544440935,85.55291546493233,-25.982168269850686,0.4768076241016388,-7.589629173278809,-2.302619457244873,0.8858546018600464,2.1787235736846924,-1.5394717454910278,running
1420783622434,127.12839974348226,78.994394186996,-20.109216131003205,0.04656857252120972,-6.658971309661865,-5.423117637634277,0.6865373253822327,2.937685489654541,-3.508702516555786,running
1420783622484,126.47793513148864,66.85331069087353,-15.14687767827819,-5.845701217651367,10.701681137084961,-0.29848408699035645,-4.711190223693848,19.612701416015625,3.6355953216552734,running
1420783622534,132.52869229018106,51.503455791525084,-19.232678454402457,4.643370151519775,12.10190200805664,3.768108367919922,6.774393558502197,19.612701416015625,9.702502250671387,running
1420783622584,135.58119386559653,72.59645887180973,-39.22197471695471,5.689154624938965,-5.2083353996276855,5.5772809982299805,7.573458671569824,4.116231441497803,7.958924770355225,running
1420783622634,137.72811500521158,75.91576121669331,-45.62076406433533,-4.446832180023193,-16.60744285583496,-8.022319793701172,-2.7036523818969727,-7.103596210479736,-6.34643030166626,running
1420783622685,147.05583074393698,77.44315114160321,-56.47748152820999,-2.392007350921631,-15.044079780578613,-5.007318496704102,-0.6206967830657959,-5.461174011230469,-3.911526918411255,running
1420783622735,128.2791058365471,74.87006227458114,-26.543014665095193,-3.3754189014434814,-0.3470335006713867,6.054934978485107,-2.181716203689575,9.139864921569824,8.233060836791992,running
1420783622785,136.3091483085514,73.4918999752197,-33.22848922800312,1.517566204071045,-10.457901000976562,-6.678166389465332,3.049614429473877,-1.0797849893569946,-4.2544965744018555,running
1420783622835,139.26759188196297,73.56981502946093,-39.15233322791829,4.200265884399414,10.211400032043457,17.4306640625,5.93941593170166,19.612701416015625,19.612701416015625,running
1420783622885,142.50139231681842,75.47241790132784,-47.567037165312634,-5.3449225425720215,-6.477332592010498,-3.9677557945251465,-3.6284127235412598,3.0801405906677246,-2.5971102714538574,running
1420783622936,107.99953631497824,93.5674370741181,-24.758325865729226,10.378938674926758,9.84914493560791,9.297852516174316,9.942521095275879,19.612701416015625,8.489839553833008,running
1420783622986,124.69335498068891,70.4424629426323,-10.603324278249241,-12.04440689086914,-1.7486910820007324,-1.9151259660720825,-11.599308967590332,7.551910877227783,1.1623848676681519,running
1420783623036,106.4147145534524,76.56867678538994,10.106682078503416,2.3555405139923096,-11.012367248535156,-2.7642982006073,1.88782799243927,-1.4676456451416016,-0.5620388388633728,running
1420783623086,114.100052229816,75.90002393242098,4.467799766704977,1.751432180404663,-7.591395378112793,-0.4846317768096924,1.6645687818527222,1.9105730056762695,1.9393033981323242,running
1420783623136,125.1961829392422,71.5100680239653,-4.870007585497392,1.8514881134033203,-7.54948616027832,-5.535209655761719,2.100912094116211,1.7094600200653076,-2.3133974075317383,running
1420783623187,126.87597253246022,61.627684206894614,-2.348291643531407,-6.607250213623047,11.103775978088379,0.25606393814086914,-6.342838764190674,19.612701416015625,5.124190330505371,running
1420783623237,135.40489379726318,48.63857812317854,-9.98253714186062,-2.7601122856140137,12.41673469543457,-3.5632309913635254,-1.534683346748352,19.612701416015625,2.985569477081299,running
1420783623287,140.2263058735179,36.27042395179965,-13.03456060840444,5.932612419128418,7.1920485496521,2.9341588020324707,7.67042350769043,12.865242958068848,10.74218463897705,running
1420783623337,143.33623181856566,31.978623284360225,-9.7289306525957,0.4600869417190552,-3.8821582794189453,-7.7523956298828125,1.8405425548553467,1.2934675216674805,0.4620809257030487,running
1420783623387,132.5190539652639,72.69604803780493,-22.24110840991212,-1.4662871360778809,-19.95281410217285,-10.225652694702148,-0.406415730714798,-10.577583312988281,-7.55131196975708,running
1420783623438,120.84154960906157,72.37449562054367,0.07468694362589749,-6.693036079406738,-8.237703323364258,-0.8403222560882568,-6.653486728668213,1.1444283723831177,2.013523578643799,running
1420783623488,131.38272286684435,76.60066273008509,-13.278787020013075,-13.7870512008667,10.264874458312988,-10.614362716674805,-12.996325492858887,19.612701416015625,-7.757213592529297,running
1420783623538,136.0673930133521,72.38971681758692,-15.148515656724317,3.950193405151367,-3.7702298164367676,1.2140092849731445,3.3698389530181885,5.919663906097412,2.606687068939209,running
1420783623588,97.97065730759961,80.5693070898363,18.47867958555825,11.224596977233887,10.128042221069336,13.197452545166016,8.768165588378906,19.612701416015625,12.7760591506958,running
1420783623639,185.86326085125722,103.46387995137881,-83.7906878709716,-5.189761638641357,5.580850601196289,2.0203773975372314,-5.45339298248291,15.10262393951416,4.352060317993164,running
1420783623689,119.00741185897469,74.98928646582408,2.0614970461879834,-0.3139537572860718,-8.52022933959961,-1.9169161319732666,-1.7058687210083008,1.1222820281982422,-0.7966706156730652,running
1420783623739,75.27361954616204,79.66229258953246,47.20407060366021,4.5877556800842285,-8.695755958557129,-0.5352414846420288,2.981379747390747,0.9091981053352356,0.6200982332229614,running
1420783623789,68.56338255498774,78.2226396833679,56.79640596547967,2.463653326034546,-6.595062255859375,-1.667670726776123,1.4879963397979736,3.002927541732788,0.09217676520347595,running
1420783623839,94.55732102519679,78.53636407091682,30.971002948879097,-2.222731590270996,-3.035473346710205,-6.621459007263184,-2.297236442565918,6.603806972503662,-4.818929672241211,running
1420783623889,122.0734973278597,80.67563383715739,1.8739152294658985,-8.61815357208252,10.622817993164062,0.5167768001556396,-8.113350868225098,19.612701416015625,4.40233850479126,running
1420783623940,133.36762277716775,67.9654760973005,-6.392384265356324,6.391193389892578,11.874303817749023,3.8552169799804688,7.836820602416992,19.612701416015625,9.70310115814209,running
1420783623990,142.66812795689336,53.486795862666426,-13.70624460921193,-1.4683570861816406,-4.448021411895752,4.629879951477051,-1.547252893447876,4.90571928024292,7.574655532836914,running
1420783624040,123.22604359289373,72.73259693694783,2.700487634279061,0.5599254965782166,-17.208715438842773,-9.630785942077637,0.5015852451324463,-7.682394504547119,-7.303512096405029,running
1420783624090,125.53300778747925,76.19472402561567,2.217175392456283,-0.9364084601402283,-13.719741821289062,-7.804732322692871,-1.2306196689605713,-4.0300397872924805,-6.323685169219971,running
1420783624141,118.49241017457135,80.63300576269934,10.231026320891086,-0.1702764928340912,-1.005990982055664,4.0703277587890625,-0.4537012279033661,8.560467720031738,6.208763599395752,running
1420783624191,133.64692570510675,76.65161510124022,7.838618664122383,2.491746664047241,-8.082860946655273,-3.9499025344848633,2.4241292476654053,1.4317326545715332,-1.5753847360610962,running
1420783624241,138.03259334221005,76.43195010828326,2.263917676450543,8.064608573913574,-4.35306453704834,16.829303741455078,8.440159797668457,5.042787551879883,19.612701416015625,running
1420783624291,145.4089107161859,76.58689061716936,-11.18126685567498,-4.510354995727539,-6.879090309143066,-3.5027363300323486,-4.200028419494629,2.719214677810669,-1.5161281824111938,running
1420783624342,50.09369994765989,80.16070906486988,81.57752218860124,15.622079849243164,9.97544002532959,12.060794830322266,13.807361602783203,19.612701416015625,12.041637420654297,running
1420783624392,144.04514362862483,65.3542330738633,-7.615315358325122,-11.367432594299316,1.875807762145996,-2.1047024726867676,-10.974422454833984,10.866683006286621,1.79146146774292,running
1420783624442,129.14303137659246,72.5461876539113,7.571803559137413,-0.3560883700847626,-10.411415100097656,-1.873447060585022,-0.8164227604866028,-1.036689281463623,0.9678560495376587,running
1420783624492,125.6694540724588,73.56683301269396,10.55400934146816,1.8116068840026855,-6.858013153076172,0.4444313049316406,1.3646949529647827,2.5438392162323,3.1968579292297363,running
1420783624542,136.31308400711043,71.6392515970345,-0.8208247313734975,0.9727716445922852,-7.559859275817871,-4.460293292999268,1.061229944229126,1.723825216293335,-1.301847219467163,running
1420783624593,141.2485634805342,69.61058977782523,-5.7790010858523635,-2.5946545600891113,-1.14888334274292,-5.803281307220459,-2.2014684677124023,7.988254070281982,-2.2637176513671875,running
1420783624643,148.0701100032596,58.13212475051661,-11.351818632259242,-9.356521606445312,11.417179107666016,-3.4570553302764893,-8.219294548034668,19.612701416015625,1.8070237636566162,running
1420783624693,154.07756590902505,43.81466257511217,-15.844725011117735,5.680206775665283,13.022422790527344,1.8301520347595215,7.6746134757995605,19.612701416015625,8.813055992126465,running
1420783624743,144.3820169925275,68.90463014450256,-6.597635527708717,1.4229487180709839,-1.7226457595825195,3.2183685302734375,1.8638859987258911,7.369951248168945,6.865373611450195,running
1420783624793,144.82578446449105,70.32680690363895,-5.992534944782845,-1.1161036491394043,-15.723960876464844,-7.732922554016113,-0.7745242714881897,-6.502651691436768,-4.413112163543701,running
1420783624843,142.36851598452924,73.21956604883853,-2.358153683126724,-1.747720718383789,-15.180549621582031,-7.900508880615234,-1.6298527717590332,-5.773018836975098,-5.133767127990723,running
1420783624894,148.09040911885901,68.23274023086189,-2.2119969385049405,0.10277678072452545,2.233128547668457,5.947652339935303,0.32860419154167175,11.361085891723633,9.525331497192383,running
1420783624944,154.09989872404955,67.57233746410667,-10.808143853920706,-2.5585274696350098,6.201779365539551,-17.634262084960938,-1.845929503440857,15.260043144226074,-13.945027351379395,running
1420783624994,142.88479186463056,81.24899999406148,-13.862039820764043,3.052570104598999,-4.64500617980957,1.2939578294754028,3.4398694038391113,5.047575950622559,2.734178304672241,running
1420783625044,150.26482753356754,78.34454991257196,-26.07501831243252,3.782742500305176,2.1314382553100586,2.8484559059143066,4.426878929138184,11.789648056030273,4.421492099761963,running
1420783625094,174.22051636025398,94.6936902928678,-57.412282785326695,9.102678298950195,7.659802436828613,2.5452234745025635,8.351573944091797,17.41362762451172,1.8602946996688843,running
1420783625145,173.60337884650593,79.05252397382024,-50.1635494550464,-1.6774393320083618,-0.4191303253173828,-3.4048032760620117,-0.33937808871269226,9.230246543884277,-2.278082847595215,running
1420783625195,178.0758317982753,73.76433661886036,-54.056631463298416,4.118791580200195,-10.315633773803711,1.7054256200790405,6.450577735900879,-0.9487023949623108,3.4356794357299805,running
1420783625245,199.08359185775774,78.81258666183686,-81.03871165244335,-2.491621494293213,1.8920412063598633,-9.786293029785156,-0.5051765441894531,11.476007461547852,-9.176376342773438,running
1420783625295,163.61005176905485,60.1167135636435,-37.92756916255989,0.9701752662658691,11.339298248291016,6.80236291885376,4.027645587921143,19.612701416015625,11.0887451171875,running
1420783625345,160.43272602859506,32.307645397829674,-27.584580821424208,6.4654388427734375,7.036761283874512,6.1435699462890625,10.269927978515625,11.817180633544922,13.814543724060059,running
1420783625396,140.13110048709646,66.92900366901809,-35.00082709515216,-5.975458145141602,-11.455747604370117,2.1883175373077393,-3.7894227504730225,-2.456450939178467,5.413888454437256,running
1420783625446,110.62925700615021,73.02793376491712,-37.32434084867204,-8.005218505859375,-19.3372859954834,-12.406015396118164,-6.213551998138428,-9.939528465270996,-10.251373291015625,running
1420783625496,124.10679046854426,77.46380845551548,-70.90770287478264,-1.8937655687332153,-7.860042095184326,1.8602313995361328,0.07481880486011505,1.7322049140930176,2.3930046558380127,running
1420783625546,336.77530105782955,99.392265591977,55.38234159125094,-5.734652996063232,-11.110468864440918,-2.4884514808654785,-4.5160627365112305,-1.447893500328064,-3.6373908519744873,running
1420783625596,12.85459818354745,103.3875573525999,5.648535854125013,11.99787712097168,10.101032257080078,6.627045631408691,12.13321590423584,19.612701416015625,4.243722438812256,running
1420783625647,144.15196435303858,77.08895850853541,-40.5698093939981,-7.2483229637146,-7.970145225524902,-3.6220641136169434,-5.935225963592529,1.6310498714447021,-2.117671489715576,running
1420783625697,92.72819458371909,88.00600034195286,4.80148337592707,19.657718658447266,9.808074951171875,4.790076732635498,19.53728485107422,19.612701416015625,4.948814868927002,running
1420783625747,110.88630630012054,101.69515907447258,-37.048125813379215,10.609465599060059,7.979338645935059,8.476460456848145,9.27453899383545,17.530942916870117,6.700173377990723,running
1420783625797,177.97418673488565,67.65876868429271,-64.29453433077794,-3.223214864730835,-1.9009809494018555,-4.546262264251709,0.09516951441764832,7.18440055847168,-2.9293057918548584,running
1420783625848,181.07575014603879,61.08521004158958,-64.02032088366876,4.367645263671875,-9.858256340026855,2.2347235679626465,8.797493934631348,-1.3946224451065063,4.451419353485107,running
1420783625898,184.77976686119402,64.47505309009098,-71.47132787632286,-2.5053839683532715,1.168044090270996,-6.0600810050964355,1.591545581817627,9.9371337890625,-4.4825439453125,running
1420783625948,170.8785564299745,48.07563601924656,-47.88929061398661,5.901717185974121,12.548563003540039,-0.5429248809814453,10.845733642578125,19.612701416015625,4.128800868988037,running
1420783625998,167.02729147788395,28.256878581542303,-34.71229667267573,0.777562141418457,4.6913018226623535,11.321945190429688,5.609614372253418,9.03751277923584,18.665794372558594,running
1420783626049,167.02729147788395,28.256878581542303,-34.71229667267573,0.777562141418457,4.6913018226623535,11.321945190429688,5.609614372253418,9.03751277923584,18.665794372558594,running
1420783626099,144.1596176589264,62.4924101319227,-48.443914286301315,-11.177115440368652,-15.385625839233398,-13.0247802734375,-7.7446441650390625,-6.658275127410889,-10.157401084899902,running
1420783626149,145.7464520718088,68.91455728742126,-76.01667190517902,-0.06643295288085938,-9.033673286437988,1.6268844604492188,3.2381577491760254,0.1825578808784485,2.184709072113037,running
1420783626199,158.6779821178663,62.422100911085806,-27.741561922684845,-8.612288475036621,-1.6072726249694824,9.100379943847656,-6.586448669433594,7.179013729095459,12.956222534179688,running
1420783626250,153.85599682519899,66.49417720958799,-33.50912047922235,-0.8356382846832275,-2.9582014083862305,-6.017457008361816,1.3090298175811768,6.097433090209961,-2.9245173931121826,running
1420783626300,149.12815330509434,74.68463022479156,-38.0696871946489,11.277677536010742,4.157892227172852,6.138947486877441,12.768278121948242,13.661913871765137,8.042123794555664,running
1420783626350,150.8274282612885,87.32965522294546,-51.86925449941927,10.306846618652344,5.734355926513672,8.124642372131348,10.5530424118042,15.53777027130127,8.177994728088379,running
1420783626400,159.73913836529266,60.85101410069404,-44.65886945688721,-1.150268316268921,5.993758201599121,-0.015294075012207031,2.099714994430542,14.632164001464844,3.2992098331451416,running
1420783626450,159.07224778355524,62.893969438543586,-38.63284226702951,1.9369010925292969,-7.149760723114014,-4.091394424438477,4.774038314819336,1.5065513849258423,-0.4596867263317108,running
1420783626500,161.60099936862764,50.70631240434122,-39.41561656644093,-5.254824638366699,-5.51938533782959,-2.9289214611053467,-1.2210428714752197,1.9249382019042969,2.0189106464385986,running
1420783626551,159.25712236924025,37.818323353430394,-30.16475218866595,0.9110753536224365,13.86027717590332,1.2559266090393066,4.7602715492248535,19.612701416015625,8.203133583068848,running
1420783626601,161.5791368097652,19.34496048492861,-22.489265282426214,-6.540804862976074,16.666526794433594,-3.710561752319336,-3.0621838569641113,19.612701416015625,4.972158432006836,running
1420783626651,157.7260751371883,61.0354821111699,-29.90259736720638,-5.39546537399292,-10.670903205871582,-7.603564262390137,-3.4745852947235107,-2.6431987285614014,-2.3086090087890625,running
1420783626701,156.35785179636747,55.01506782689972,-20.225023498555668,-5.750177383422852,-15.502909660339355,-7.975412368774414,-3.8780081272125244,-6.670246124267578,-4.14795446395874,running
1420783626752,143.06382646658963,63.54699383432826,-24.792986627523195,-0.788540244102478,-7.585698127746582,0.14321112632751465,1.1516109704971313,1.7711106538772583,2.3469161987304688,running
1420783626802,137.19067404007635,71.5682199311527,-39.92706075227249,-6.586249351501465,2.1119556427001953,2.540675640106201,-5.854421615600586,10.92414379119873,6.780977725982666,running
1420783626852,159.11636872461585,62.99720997487189,-11.018904556219397,-2.7104344367980957,-4.2877936363220215,-7.775157928466797,-2.2373814582824707,4.854243755340576,-4.258087635040283,running
1420783626902,148.76172758899614,68.14174139539831,-7.97835164743631,3.8727407455444336,2.398557662963867,0.9664485454559326,4.856637954711914,11.508927345275879,4.459799289703369,running
1420783626953,146.17339849510589,67.59382154397161,-16.33030816187142,18.940370559692383,7.660399436950684,7.332101345062256,19.178752899169922,17.159841537475586,9.755773544311523,running
1420783627003,129.39316404600876,74.71038108100532,-7.762604280874861,9.513054847717285,7.981084823608398,3.943751335144043,8.471283912658691,17.72307777404785,4.366425514221191,running
1420783627053,54.70579557203783,83.44102778759785,54.294995125417785,-7.16701602935791,0.3843708038330078,-4.961282253265381,-4.837484359741211,9.43375301361084,-1.985990285873413,running
1420783627103,157.50058888594398,66.85998390341386,-38.905128070178556,4.594979286193848,-9.31832218170166,-1.0298635959625244,7.923610687255859,-0.7110779285430908,2.2876596450805664,running
1420783627154,166.3856413387959,62.600285820462105,-45.408575138121286,-2.0478508472442627,-1.798588752746582,-0.732860803604126,1.1342530250549316,6.855197906494141,2.607285737991333,running
1420783627204,164.42936008468084,63.11554766660217,-43.89820255204942,0.40535712242126465,12.30232048034668,4.8086957931518555,3.7918169498443604,19.612701416015625,10.399813652038574,running
1420783627254,161.7968665748415,50.457886698897624,-32.60440178666621,-10.809285163879395,11.10924243927002,-0.001285552978515625,-7.4118499755859375,15.841235160827637,7.887697696685791,running
1420783627304,164.77425095026373,31.01918555370316,-24.27858391262015,5.561671733856201,9.725635528564453,4.149844169616699,7.580641269683838,11.731588363647461,13.534421920776367,running
1420783627354,170.20086808007204,12.992764438366086,-13.649671726422193,-7.895354270935059,-13.496036529541016,-5.666525363922119,-6.352415561676025,-4.896142482757568,-1.2132617235183716,running
1420783627405,139.80581505291016,61.2143337657243,-19.461503428736155,-3.969404697418213,-14.320052146911621,-6.724242210388184,-2.522890090942383,-5.686827659606934,-2.3032219409942627,running
1420783627455,102.17795509613754,69.07904248065564,-27.106672157953124,0.043369174003601074,-9.394981384277344,-2.6084511280059814,1.6124948263168335,-0.16340427100658417,0.30466216802597046,running
1420783627505,69.17596731645193,81.1165251684143,-36.17844678078868,-9.765186309814453,5.147416114807129,6.524104118347168,-9.067440032958984,14.864400863647461,7.648277282714844,running
1420783627556,2.2133086047016532,87.34185116981314,17.481328515055978,-1.1027107238769531,-5.246224880218506,-3.531038284301758,-1.2761094570159912,4.553771495819092,-3.2142157554626465,running
1420783627606,150.11587168230733,61.71496715286594,-15.34150847091964,8.978222846984863,1.4245738983154297,5.252476215362549,10.123283386230469,10.111910820007324,9.655815124511719,running
1420783627656,135.5723276293055,69.26982344309657,-4.733282406040488,9.611400604248047,8.356682777404785,4.9753098487854,9.810839653015137,17.58660888671875,8.282740592956543,running
1420783627707,87.65772676139089,80.58885635409985,26.09900199278177,12.8014497756958,7.173308372497559,1.6944119930267334,11.982380867004395,16.871938705444336,2.892794132232666,running
1420783627757,153.88846748580022,65.31137938448936,-28.35883888305731,-8.148950576782227,0.011346817016601562,-3.395198345184326,-6.330867767333984,8.963293075561523,0.17238251864910126,running
1420783627807,164.69012773867902,63.31455312461938,-38.362788761941275,4.35459041595459,-10.338356018066406,-5.075746536254883,7.171831130981445,-1.6496049165725708,-1.5065513849258423,running
1420783627857,167.080564611043,53.97469385963828,-41.6846526199572,-2.0547685623168945,-7.171437740325928,-2.2616355419158936,1.8471266031265259,0.6625953316688538,2.162562608718872,running
1420783627908,164.58441194854245,44.47106747790725,-32.16063786183419,-5.522289276123047,12.884712219238281,-3.505547046661377,-1.8369512557983398,19.612701416015625,2.603694438934326,running
1420783627958,161.16636397947008,67.78278999195373,-27.002543260579973,-3.3450140953063965,3.486689567565918,1.7802696228027344,-1.578976035118103,12.471396446228027,5.2911858558654785,running
1420783628008,167.8834965996572,54.08531088232942,-19.623021136503162,9.139474868774414,1.79136323928833,8.371026039123535,11.015722274780273,9.600150108337402,13.998897552490234,running
1420783628058,164.22741341461892,62.757910073196825,-22.004246614546748,-8.539849281311035,-4.399827480316162,-2.4287829399108887,-6.878541469573975,4.298190593719482,1.7848774194717407,running
1420783628108,161.2811899864695,62.0018660551125,-23.019306307118622,-3.4326157569885254,-10.922316551208496,-9.186202049255371,-1.6190788745880127,-2.2427685260772705,-4.997297286987305,running
1420783628159,157.46264376222643,65.3852323789997,-23.354371768260897,-2.5281641483306885,-15.756210327148438,-6.7888689041137695,-0.9241618514060974,-6.799532890319824,-3.1316158771514893,running
1420783628209,144.20494962447776,72.52516989093512,-31.56829891916117,2.238119602203369,-7.9733052253723145,-0.07471942901611328,3.7660791873931885,1.4221558570861816,2.2834699153900146,running
1420783628259,159.5442565146304,68.34732196143196,-30.176003553942117,-2.6751418113708496,-1.9448738098144531,-5.962986946105957,-0.823006808757782,7.193977355957031,-2.9263129234313965,running
1420783628309,163.01085464344473,68.9072680896635,-45.169340781130416,5.579052925109863,6.385034561157227,-1.8851239681243896,8.069656372070312,15.550938606262207,0.5548562407493591,running
1420783628359,163.3833713265385,69.24134181759227,-38.67024250750618,-1.9337002038955688,0.8465843200683594,1.767500400543213,0.1628057211637497,10.050858497619629,4.423886299133301,running
1420783628410,154.66711105508273,76.14894382657003,-29.517812838276058,4.057585716247559,8.560086250305176,5.256145000457764,5.078101634979248,18.122310638427734,7.177816867828369,running
1420783628460,107.60782549161682,86.3904404489527,7.326078476522228,8.29268741607666,6.548072814941406,3.568108320236206,8.085219383239746,16.34282112121582,4.004302501678467,running
1420783628510,165.36477088892818,68.8704128293145,-42.70968929630588,-1.3782389163970947,3.22385311126709,-0.6385543346405029,0.8732850551605225,12.43967342376709,1.8453309535980225,running
1420783628560,161.13551847302207,76.13287597186957,-35.28541524714536,-2.392392158508301,-5.145689010620117,0.008605241775512695,-1.0797849893569946,4.389768600463867,1.8854337930679321,running
1420783628611,170.70908963820122,65.16323406129963,-43.427062937354435,2.448460340499878,-12.331681251525879,-0.6669178009033203,5.351639270782471,-3.4805707931518555,2.3989901542663574,running
1420783628661,173.54135880934487,68.84411974990506,-44.90850339917259,-3.9284303188323975,-2.8171944618225098,-5.14668607711792,-1.3593080043792725,6.275801181793213,-2.522291421890259,running
1420783628711,173.87705576419847,58.995485065710426,-37.57363077732664,-4.925455093383789,11.31152057647705,-3.6748480796813965,-1.7968484163284302,19.612701416015625,0.5051765441894531,running
1420783628761,173.22450389098665,45.76051154937361,-32.382727885894994,-0.9735236167907715,12.751216888427734,1.0843839645385742,2.787449359893799,19.612701416015625,6.995857238769531,running
1420783628812,171.33459852515483,69.620933670952,-32.855008995852735,1.6768481731414795,-0.15740013122558594,5.597339630126953,3.6134488582611084,8.966883659362793,8.62511157989502,running
1420783628862,173.54261662927564,64.31819095413667,-32.7356351212893,-3.697629928588867,-11.137917518615723,-3.7254369258880615,-1.3856441974639893,-2.3020248413085938,-0.15442600846290588,running
1420783628912,172.18275852106436,70.21185064115406,-33.65203631176063,-3.761404514312744,-22.355289459228516,-8.051995277404785,-1.9458874464035034,-13.093290328979492,-5.389348030090332,running
1420783628962,176.24462600258067,65.99285179043676,-36.03599895930452,3.777674436569214,1.0446367263793945,3.9712774753570557,6.197989463806152,10.028712272644043,7.069478988647461,running
1420783629013,185.11222355688892,73.07697588771607,-51.76872641925026,-1.369276523590088,0.4640235900878906,-10.225629806518555,0.9624691009521484,9.834781646728516,-8.516175270080566,running
1420783629063,189.3568788396426,73.1547109733022,-46.260534754925736,17.367815017700195,1.8825044631958008,-10.782576560974121,19.612701416015625,11.241375923156738,-8.900444984436035,running
1420783629113,8.350932395687042,114.02720193468646,89.8982441792412,0.22339558601379395,3.1516990661621094,-2.5912322998046875,4.04201078414917,12.18289566040039,-2.7527334690093994,running
1420783629163,22.342085200482483,106.64828331185036,61.290534640798214,5.271293640136719,7.103111267089844,5.5885114669799805,7.650073051452637,16.49724769592285,4.084507942199707,running
1420783629213,191.98787742265142,66.28955918779859,-82.25111865966956,0.47702646255493164,3.339282989501953,1.3668632507324219,4.278438568115234,12.369643211364746,1.7818846702575684,running
1420783629264,193.9567651822027,71.49065152264133,-89.88889566640566,0.5606544017791748,-7.358983993530273,-0.08581483364105225,3.6284127235412598,1.955464243888855,-0.06823474913835526,running
1420783629314,184.78488779147634,72.19092554387606,-81.73942197341631,-2.363281726837158,-10.783754348754883,-3.803286552429199,0.6248866319656372,-1.456871747970581,-3.3028011322021484,running
1420783629364,181.45828516920727,69.79885120321701,-81.18476943903802,-6.751512050628662,4.197014808654785,2.954350471496582,-3.309983968734741,13.35665225982666,3.6080620288848877,running
1420783629414,167.96641315531295,62.163884613136986,-68.60253532024028,-7.867420196533203,11.0078763961792,4.4926910400390625,-3.5021185874938965,19.612701416015625,6.245275020599365,running
1420783629464,158.5560673066178,54.12511199862546,-63.436504722545415,3.1545228958129883,9.720967292785645,8.652620315551758,8.361150741577148,17.580623626708984,11.352107048034668,running
1420783629515,134.9558913408286,67.46766802184894,-52.274420027937275,3.6791436672210693,0.11012458801269531,4.240903854370117,6.644508361816406,9.1446533203125,6.6397199630737305,running
1420783629565,125.35424200557524,66.0249033360535,-42.582786545002065,-6.0473151206970215,-8.223763465881348,-2.3280279636383057,-3.381809949874878,0.74040687084198,0.6230909824371338,running
1420783629615,121.58886043785193,69.48399730067474,-44.1445542194086,-2.809892177581787,-13.357564926147461,-1.031941533088684,-0.4620809257030487,-4.127005100250244,1.3036428689956665,running
1420783629665,131.73960021060074,64.71167589616635,-49.692729179170456,2.190718412399292,-5.9305243492126465,-0.6109645366668701,5.421669960021973,2.9472622871398926,2.0189106464385986,running
1420783629715,138.1046808327734,63.99887154739461,-59.40494575272781,-10.117721557617188,10.038810729980469,-14.974019050598145,-6.607996463775635,18.974048614501953,-12.970587730407715,running
1420783629766,139.65967411753283,65.34447295530897,-63.236052883089286,-3.782191753387451,-3.375426769256592,-1.9073059558868408,-2.69646954536438,6.365583896636963,-1.5843629837036133,running
1420783629816,132.0462282823578,82.6522790841011,-73.47080168792431,6.661942481994629,9.818032264709473,7.075445175170898,6.358999729156494,19.612701416015625,6.69718074798584,running
1420783629866,81.19744556629249,91.90628867419252,-30.39593444297029,5.781704902648926,4.371826171875,2.735933780670166,7.74823522567749,13.927071571350098,3.736151695251465,running
1420783629916,132.6784289126875,75.54654224747638,-60.44136452451698,-2.9623098373413086,5.443906784057617,2.2477006912231445,-1.3880383968353271,15.039776802062988,3.5170822143554688,running
1420783629966,128.39618399070622,83.71499825558398,-44.65019448963429,1.4850252866744995,-7.200663089752197,-0.11491847038269043,2.165555477142334,2.5540146827697754,0.6290764808654785,running
1420783630017,113.77999902355738,83.1638458155105,-26.216899980826945,4.460811138153076,-12.488821029663086,-0.9543404579162598,5.020042419433594,-2.761113166809082,0.15442600846290588,running
1420783630067,127.24208691409969,78.24823313665499,-34.995471517932344,-0.14279568195343018,-6.589927673339844,-3.108189582824707,1.0636241436004639,2.9897594451904297,-1.3922282457351685,running
1420783630117,144.12818109205804,77.96706866252522,-55.120213479312035,-6.81277322769165,-2.34372615814209,-0.9074743390083313,-5.070919036865234,7.2137298583984375,0.43095630407333374,running
1420783630167,134.0951531359868,66.58296605862056,-39.6591883531952,-3.5552291870117188,10.727828979492188,3.8929221630096436,-0.9546879529953003,19.612701416015625,7.128137111663818,running
1420783630217,135.8113781599726,51.293912878160484,-36.19346191587256,-0.730388879776001,12.121415138244629,6.262668132781982,2.956240653991699,19.612701416015625,11.406575202941895,running
1420783630268,101.72849030157678,70.61069277008546,-19.417604566573445,-0.9127911925315857,2.2677183151245117,7.249683380126953,0.1909375786781311,11.46523380279541,10.468048095703125,running
1420783630318,103.95347210466512,66.63093641134354,-15.338806633551341,-2.0630390644073486,-11.155374526977539,-4.031177997589111,-1.05105459690094,-2.160168409347534,-0.2585737705230713,running
1420783630368,97.29164921034332,73.64721770367875,-17.77109935890458,-2.7412054538726807,-14.725288391113281,-8.622806549072266,-1.9279309511184692,-5.297770023345947,-6.04775333404541,running
1420783630418,96.66233523614959,70.49556129533514,-6.231622623876834,-3.6298253536224365,-4.605898380279541,3.3069379329681396,-3.2166099548339844,4.666299343109131,6.473322868347168,running
1420783630468,109.24660694636928,72.0517419699124,-19.946198860748567,-0.5059071779251099,-3.613922595977783,-4.610297679901123,0.6003460884094238,5.699995517730713,-1.7471686601638794,running
1420783630519,106.92907959792669,73.36261523900056,-21.19575016775691,8.179059028625488,10.124713897705078,-12.334216117858887,9.09497356414795,19.501371383666992,-9.61212158203125,running
1420783630569,123.1855037415779,79.94491824057381,-54.56363781003209,0.754538893699646,3.9809398651123047,-0.048696815967559814,2.0021512508392334,13.668497085571289,0.8259995579719543,running
1420783630619,115.74472750092217,91.49095351625435,-61.903047927163236,19.96462631225586,9.817831993103027,7.354223251342773,19.612701416015625,19.612701416015625,7.026981830596924,running
1420783630669,69.47503739519401,105.25021196816542,-29.026919013332225,-1.1401091814041138,8.541178703308105,4.973757743835449,-2.4899697303771973,17.940351486206055,2.5234885215759277,running
1420783630720,75.06872723484668,111.60834717325696,-30.3358476836964,2.5964760780334473,-6.1830244064331055,3.2898190021514893,0.7416039705276489,2.943072557449341,0.21667525172233582,running
1420783630770,149.3306695588354,70.49613410012063,-57.46937335975999,3.2806930541992188,-6.205816268920898,2.315213203430176,6.202179431915283,2.955641984939575,4.239532470703125,running
1420783630820,155.6282721301965,75.24178515981102,-68.66943390052768,-5.662504196166992,-4.669690132141113,-8.551881790161133,-3.2381577491760254,4.759673118591309,-7.377133846282959,running
1420783630870,139.9904007527408,57.034771273357975,-40.93749469716894,10.5501708984375,11.629364967346191,2.2206249237060547,14.131176948547363,19.612701416015625,6.649296760559082,running
1420783630920,139.91434909472105,34.25572718947682,-27.631971718872936,-0.19339489936828613,10.165925025939941,11.220634460449219,3.4536359310150146,15.39052677154541,18.675371170043945,running
1420783630971,112.78684579220283,67.07713497814656,-39.576256061754414,-8.431686401367188,-12.567256927490234,-1.951982855796814,-5.966350555419922,-3.554192304611206,1.0241197347640991,running
1420783631021,103.74169680020013,70.3226583439727,-35.098596916634705,-8.765219688415527,-17.223289489746094,-7.597142219543457,-6.804919719696045,-7.9631147384643555,-5.032611846923828,running
1420783631071,121.1127540952974,77.85020578728931,-67.44266440747252,2.5791141986846924,-9.252694129943848,-0.6992902159690857,4.3640313148498535,0.3728969097137451,-0.12270283699035645,running
1420783631121,2.151578180037905,95.447803768941,37.973879242669504,-13.27124309539795,0.6051397323608398,11.987627029418945,-12.870031356811523,10.363302230834961,11.100117683410645,running
1420783631171,101.23592284196208,70.03755698533259,-9.662339508526939,0.9244418144226074,-0.21418190002441406,-2.9116690158843994,1.4856021404266357,9.041104316711426,0.28131869435310364,running
1420783631221,79.86653568453588,77.81957634325795,1.9130494645902092,10.095382690429688,5.329502105712891,5.757286071777344,9.883264541625977,14.936226844787598,7.71591329574585,running
1420783631272,346.8136461480791,82.57201785390984,78.78141062427204,14.059713363647461,8.020312309265137,9.138151168823242,12.737751960754395,17.737443923950195,9.124900817871094,running
1420783631322,130.90517306485933,70.51510716708432,-26.24331071766854,-9.22702407836914,4.689548492431641,-6.114566802978516,-7.887098789215088,13.974356651306152,-3.2567129135131836,running
1420783631372,147.25734906103852,66.19446616034128,-34.84491836023165,5.803327560424805,-8.653389930725098,0.46618127822875977,8.184578895568848,0.22505496442317963,3.8827965259552,running
1420783631422,152.7447522159335,52.8109511328237,-35.83348564793239,-6.486766338348389,-5.424395561218262,-5.160982131958008,-3.048417329788208,2.276287317276001,-0.1562216579914093,running
1420783631472,151.66533947087268,40.16739013816811,-23.427568830171655,2.9495081901550293,13.587160110473633,1.756309986114502,5.86040735244751,19.612701416015625,8.9249849319458,running
1420783631523,155.49623791060156,22.497460161279502,-17.104532945239384,-9.048043251037598,12.726180076599121,0.3716163635253906,-6.429628849029541,16.150686264038086,9.179967880249023,running
1420783631573,129.68170423897834,62.815457533955914,-16.913947187865254,2.3712306022644043,0.2647523880004883,7.547341346740723,3.646967649459839,8.910619735717773,11.996147155761719,running
1420783631623,108.24322333680958,66.45517120839051,-14.828492376085245,-4.940771579742432,-14.632967948913574,-12.255067825317383,-3.934272050857544,-5.633556365966797,-8.491036415100098,running
1420783631673,94.08399831126937,67.70969235220917,-10.819866053130786,-3.6443982124328613,-13.886009216308594,-6.784029006958008,-2.9041666984558105,-4.756680011749268,-3.2800562381744385,running
1420783631723,78.70461546100545,76.5548927726724,-18.53863623685013,0.9697077870368958,-9.15932846069336,-1.5492274761199951,1.6298527717590332,0.41359832882881165,0.47405192255973816,running
1420783631773,24.623883694004316,85.56831340277732,12.568800930604008,-9.274163246154785,2.364788055419922,10.700425148010254,-9.604938507080078,12.146982192993164,11.3084135055542,running
1420783631824,124.08032542146464,64.66254551275321,9.063319542477648,-0.9385449290275574,-2.4417247772216797,-3.0748355388641357,-1.5849615335464478,6.463746070861816,0.9804255962371826,running
1420783631874,108.88878588967346,68.02079674842415,17.94845283669667,9.762187957763672,4.2668914794921875,5.838098526000977,8.528146743774414,13.373412132263184,9.261370658874512,running
1420783631924,73.08215462757828,72.18651548018696,39.886476566628865,14.163777351379395,5.93898868560791,6.226088523864746,12.172719955444336,15.307927131652832,8.3306245803833,running
1420783631974,349.2995550906541,72.34071371838124,86.48594383922647,7.01283073425293,8.67056941986084,6.124050617218018,3.931279182434082,17.98045539855957,6.102221488952637,running
1420783632024,156.65621733721773,113.12903783352064,-77.34118735052944,3.4116387367248535,-5.3976006507873535,-3.3907663822174072,-0.37888240814208984,3.6140475273132324,-4.160523891448975,running
1420783632075,149.41593343139604,61.080859436962726,-31.354948570424142,3.990922212600708,-13.406152725219727,-1.874699592590332,6.615777969360352,-4.931457042694092,2.3038206100463867,running
1420783632125,146.44781401928114,64.31797818776113,-31.35480270061583,-2.4011147022247314,0.2998075485229492,-4.065634727478027,-0.17298106849193573,9.069235801696777,-0.28371289372444153,running
1420783632175,148.60230660039025,51.920566912916456,-23.2173167909517,-0.3639531135559082,12.061564445495605,-5.960738182067871,2.0482394695281982,19.612701416015625,-0.18734627962112427,running
1420783632225,140.39813089243097,64.42959894562465,-27.097535757185607,-0.42436134815216064,-1.8522372245788574,7.535125732421875,1.5520412921905518,6.877344608306885,11.54244613647461,running
1420783632275,128.73033491848602,61.35174554182811,-20.666581903369277,-1.8986235857009888,0.04820728302001953,6.458301544189453,-0.2603694200515747,8.62391471862793,10.92414379119873,running
1420783632326,113.52498473579546,64.38952881613129,-21.156899644389732,-3.472705364227295,-11.15462875366211,-9.846844673156738,-1.9141643047332764,-2.296638011932373,-5.938218593597412,running
1420783632376,107.48502456260441,64.69655428162758,-18.572981974088346,-3.6436052322387695,-14.420490264892578,-6.247540473937988,-2.3277626037597656,-5.500678539276123,-2.390610456466675,running
1420783632426,93.28526657471491,72.15669990438208,-23.632481838926513,1.5865405797958374,-8.330961227416992,1.9137401580810547,2.78086519241333,1.0396820306777954,4.547187805175781,running
